,region,place,cost_nomad,cost_coworking,cost_expat,coffee_in_cafe,cost_beer,places_to_work,free_wifi_available,internet_speed,freedom_score,peace_score,safety,fragile_states_index,press_freedom_index,female_friendly,lgbt_friendly,friendly_to_foreigners,racism,leisure,life_score,nightlife,weed
0,Europe,Budapest,1364.0,152.41,1273.0,1.73,1.73,1.0,0.4,31.0,0.6,0.8,0.6,52.7,28.17,1.0,0.27,0.6,0.4,0.8,0.86,1.0,0.0
1,Asia,Chiang Mai,777.0,98.88,780.0,0.85,0.85,0.8,0.6,14.0,0.2,0.4,0.8,78.8,44.53,0.8,0.6,0.6,0.4,0.62,0.75,0.4,0.0
2,Asia,Phuket,1012.0,155.43,1714.0,1.41,1.41,0.8,0.4,14.0,0.2,0.4,0.8,78.8,44.53,0.6,0.8,0.6,0.42,0.6,0.75,0.82,0.0
3,Asia,Bangkok,1197.0,131.41,1158.0,2.12,2.12,1.0,1.0,24.0,0.2,0.4,0.77,78.8,44.53,0.8,0.8,1.0,0.42,0.82,0.72,1.0,0.0
4,Asia,Ko Samui,1352.0,169.56,1347.0,1.41,1.41,0.8,0.4,15.0,0.2,0.4,0.8,78.8,44.53,0.8,0.8,1.0,0.4,0.8,0.8,0.8,0.0
5,Asia,Ko Lanta,812.0,135.65,1016.0,1.41,1.41,0.4,0.2,15.0,0.2,0.4,0.8,78.8,44.53,1.0,0.8,0.8,0.4,0.62,0.73,0.43,0.0
6,Asia,Chiang Rai,1134.0,195.38,1119.0,1.41,1.41,0.6,0.6,12.0,0.2,0.4,0.6,78.8,44.53,0.6,0.4,1.0,0.6,0.8,0.76,0.8,0.0
7,Asia,Pattaya,1134.0,113.04,1100.0,2.12,2.12,0.4,0.6,9.0,0.2,0.4,0.56,78.8,44.53,0.2,1.0,1.0,0.4,0.8,0.66,0.8,0.0
8,Asia,Ao Nang,866.0,172.39,1483.0,1.84,1.84,0.4,0.4,0.0,0.2,0.4,0.6,78.8,44.53,0.6,0.4,0.8,0.4,0.6,0.7,0.4,0.0
9,Asia,Hua Hin,1232.0,172.39,2173.0,1.55,1.55,0.4,0.4,13.0,0.2,0.4,0.4,78.8,44.53,0.6,0.4,0.6,0.6,0.6,0.66,0.6,0.0
10,Asia,Ko Pha Ngan,777.0,110.21,1152.0,1.41,1.41,0.4,0.2,2.0,0.2,0.4,0.6,78.8,44.53,0.6,0.8,0.8,0.4,0.6,0.65,1.0,0.0
11,Asia,Ko Tao,1247.0,28.26,1092.0,1.41,1.41,0.2,0.4,2.0,0.2,0.4,0.6,78.8,44.53,1.0,0.8,0.8,0.4,0.6,0.67,0.4,0.0
12,Asia,Ko Phi Phi,1285.0,110.21,730.0,1.41,1.41,0.2,0.2,3.0,0.2,0.4,0.8,78.8,44.53,0.6,0.6,0.8,0.4,0.6,0.66,1.0,0.0
13,Asia,Pai,1297.0,423.9,971.0,1.41,1.41,0.6,0.4,4.0,0.2,0.4,0.8,78.8,44.53,0.6,0.6,1.0,0.4,0.4,0.66,0.2,0.0
14,Europe,Prague,1639.0,159.13,1653.0,1.99,1.99,1.0,0.6,15.0,0.8,0.8,0.8,40.8,16.66,1.0,0.6,0.8,0.42,1.0,0.83,1.0,1.0
15,Europe,Brno,1699.0,79.25,912.0,0.97,0.97,0.4,0.4,26.0,0.8,0.8,0.8,40.8,16.66,0.8,0.6,0.8,0.4,0.4,0.74,0.6,1.0
16,Asia,Taipei,1545.0,47.01,1640.0,1.88,1.88,1.0,1.0,16.0,0.6,0.8514819054220603,1.0,51.688224038315305,24.37,1.0,0.8,0.8,0.0,1.0,0.93,0.6,0.0
17,Asia,New Taipei City,2695.0,251.44,909.0,0.0,0.0,0.8,0.8,25.0,0.6,0.7250866510337128,0.8,42.367061286607196,24.37,0.8,0.6,0.6,0.6,0.8,0.85,0.8,0.0
18,Asia,Taichung,1456.0,219.39,1010.0,1.57,1.57,0.6,1.0,7.0,0.6,0.7191142660327949,0.8,36.29180857811539,24.37,0.8,0.6,0.6,0.0,0.4,0.77,0.4,0.0
19,Asia,Kaohsiung,1160.0,95.59,835.0,1.57,1.57,0.4,1.0,9.0,0.6,0.8543100666948442,1.0,38.40948567407396,24.37,1.0,0.8,1.0,0.0,0.6,0.82,0.6,0.0
20,Asia,Tainan,1398.0,251.44,1921.0,0.0,0.0,0.6,0.8,5.0,0.6,0.6069799947381322,0.8,43.56815522593561,24.37,0.8,0.6,0.6,0.6,0.8,0.79,0.6,0.0
21,Americas,Austin,3028.0,200.0,3309.0,5.0,5.0,1.0,0.6,118.0,0.6,0.8,0.73,34.0,22.49,0.8,0.6,0.8,0.8,1.0,0.95,1.0,0.0
22,Americas,Miami,3238.0,250.0,4325.0,4.0,4.0,1.0,1.0,81.0,0.6,0.8,0.73,34.0,22.49,0.8,1.0,0.8,0.8,1.0,1.0,1.0,0.0
23,Americas,Portland,3503.0,300.0,2691.0,5.0,5.0,1.0,0.4,23.0,0.6,0.8,0.8,34.0,22.49,0.8,0.8,1.0,0.8,1.0,0.95,1.0,1.0
24,Americas,San Diego,3427.0,490.0,3764.0,5.0,5.0,1.0,1.0,55.0,0.6,0.8,0.6,34.0,22.49,0.8,0.8,1.0,0.8,0.6,0.92,1.0,1.0
25,Americas,Atlanta,2956.0,300.0,2760.0,3.5,3.5,1.0,0.6,99.0,0.6,0.8,0.4,34.0,22.49,0.8,1.0,0.8,0.8,0.8,0.87,0.6,0.0
26,Americas,Minneapolis,3193.0,400.0,3016.0,4.0,4.0,1.0,0.6,17.0,0.6,0.8,0.6,34.0,22.49,0.8,0.8,1.0,0.8,0.8,0.89,0.44,1.0
27,Americas,Oakland,3400.0,250.0,3292.0,5.0,5.0,1.0,0.8,20.0,0.6,0.8,0.38,34.0,22.49,0.8,0.62,0.6,0.8,0.6,0.87,0.8,1.0
28,Americas,Houston,3164.0,199.0,2884.0,6.0,6.0,1.0,0.6,15.0,0.6,0.8,0.4,34.0,22.49,0.0,0.6,0.64,0.82,0.45,0.83,0.8,0.0
29,Americas,Las Vegas,2552.0,175.0,2572.0,5.0,5.0,0.8,0.98,55.0,0.6,0.8,0.8,34.0,22.49,0.8,0.8,1.0,0.8,1.0,0.94,1.0,1.0
30,Americas,Denver,3602.0,450.0,3306.0,4.0,4.0,1.0,0.6,101.0,0.6,0.8,0.8,34.0,22.49,0.8,0.8,0.8,0.8,0.62,0.88,0.6,1.0
31,Americas,Seattle,4370.0,345.0,3178.0,5.0,5.0,1.0,1.0,17.0,0.6,0.8,0.8,34.0,22.49,0.8,0.8,0.8,0.8,0.6,0.91,0.8,1.0
32,Americas,San Antonio,2671.0,50.0,2109.0,5.0,5.0,0.8,0.8,45.0,0.6,0.8,0.8,34.0,22.49,0.8,0.8,0.8,0.8,0.6,0.88,0.8,0.0
33,Americas,Dallas,3158.0,121.0,2478.0,5.0,5.0,0.8,0.8,49.0,0.6,0.8,0.8,34.0,22.49,0.8,0.8,0.8,0.8,0.8,0.89,0.4,0.0
34,Americas,Kansas City,3051.0,200.0,2204.0,4.5,4.5,0.8,0.6,97.0,0.6,0.8,0.44,34.0,22.49,0.8,0.8,1.0,0.8,0.8,0.89,1.0,1.0
35,Americas,Madison,2743.0,45.0,2498.0,5.0,5.0,0.8,0.8,33.0,0.6,0.8,0.8,34.0,22.49,1.0,0.6,0.8,0.8,0.8,0.88,0.6,0.0
36,Americas,Buffalo,2798.0,100.0,1996.0,5.0,5.0,0.8,0.8,37.0,0.6,0.8,0.8,34.0,22.49,1.0,0.8,0.8,0.8,0.8,0.88,0.8,0.0
37,Americas,Fort Lauderdale,3145.0,300.0,3204.0,5.5,5.5,0.8,0.8,12.0,0.6,0.8,0.6,34.0,22.49,1.0,0.8,0.8,0.8,0.8,0.88,1.0,0.0
38,Americas,Tampa,2823.0,97.0,2754.0,5.0,5.0,0.8,0.8,45.0,0.6,0.8,0.8,34.0,22.49,0.6,0.6,0.8,0.8,0.6,0.86,0.8,0.0
39,Americas,Louisville,2627.0,80.0,2126.0,4.0,4.0,0.8,0.8,35.0,0.6,0.8,0.8,34.0,22.49,1.0,0.8,0.8,0.8,0.6,0.87,0.6,0.0
40,Americas,Philadelphia,4497.0,350.0,3163.0,7.5,7.5,1.0,1.0,23.0,0.6,0.8,0.6,34.0,22.49,0.8,0.8,0.8,0.8,0.8,0.88,1.0,1.0
41,Americas,New Orleans,3034.0,275.0,2894.0,5.0,5.0,0.8,0.4,36.0,0.6,0.8,0.6,34.0,22.49,0.8,0.8,1.0,0.8,0.8,0.87,1.0,0.0
42,Americas,Richmond,2824.0,250.0,4623.0,5.0,5.0,0.8,1.0,24.0,0.6,0.8,0.6,34.0,22.49,0.8,0.8,0.6,0.8,0.6,0.84,0.8,0.0
43,Americas,Sacramento,3033.0,180.0,2826.0,5.0,5.0,0.8,1.0,32.0,0.6,0.8,0.8,34.0,22.49,1.0,0.8,0.8,0.8,0.6,0.87,0.6,1.0
44,Americas,Albuquerque,2361.0,40.0,1857.0,4.5,4.5,0.8,0.8,23.0,0.6,0.8,0.8,34.0,22.49,1.0,0.6,0.6,0.8,0.8,0.89,0.8,1.0
45,Americas,Norfolk,2773.0,150.0,2283.0,5.0,5.0,0.8,0.0,34.0,0.6,0.8,0.8,34.0,22.49,0.8,0.6,0.8,0.78,0.6,0.86,0.42,0.0
46,Americas,Colorado Springs,3202.0,200.0,2436.0,4.0,4.0,0.8,0.6,36.0,0.6,0.8,0.8,34.0,22.49,1.0,0.6,0.8,0.8,0.6,0.87,0.6,1.0
47,Americas,Windsor,2668.0,73.86,1875.0,3.69,3.69,0.8,0.8,30.0,0.8,1.0,1.0,23.8,15.26,0.8,0.8,1.0,1.0,0.6,0.87,0.6,0.0
48,Americas,Omaha,2956.0,350.0,2336.0,5.0,5.0,0.8,0.0,31.0,0.6,0.8,0.8,34.0,22.49,0.8,0.6,0.8,0.8,0.4,0.85,1.0,0.0
49,Americas,Raleigh,2945.0,300.0,2578.0,5.0,5.0,0.8,1.0,30.0,0.6,0.8,0.6,34.0,22.49,1.0,0.4,0.8,0.8,0.6,0.86,0.8,0.0
50,Americas,Nashville,3482.0,275.0,3450.0,5.0,5.0,0.8,0.4,28.0,0.6,0.8,0.8,34.0,22.49,0.8,0.6,0.8,0.8,0.8,0.9,1.0,0.0
51,Americas,Milwaukee,3582.0,110.0,2577.0,7.0,7.0,0.8,0.8,28.0,0.6,0.8,0.8,34.0,22.49,1.0,0.6,0.8,0.8,0.8,0.88,0.6,0.0
52,Americas,Phoenix,2729.0,250.0,2352.0,5.0,5.0,0.8,0.6,40.0,0.6,0.8,0.8,34.0,22.49,1.0,0.6,0.4,0.8,0.6,0.81,0.6,1.0
53,Americas,Rochester,3015.0,200.0,2277.0,5.0,5.0,0.8,0.4,22.0,0.6,0.8,0.6,34.0,22.49,0.8,0.8,0.8,0.8,0.6,0.84,0.6,0.0
54,Americas,Orlando,2796.0,200.0,2739.0,5.0,5.0,0.8,0.4,66.0,0.6,0.8,0.6,34.0,22.49,0.8,0.4,0.8,0.8,0.6,0.83,0.6,1.0
55,Americas,Tucson,2576.0,150.0,2223.0,5.0,5.0,0.8,0.8,15.0,0.6,0.8,0.6,34.0,22.49,0.8,0.8,1.0,0.8,0.4,0.82,0.4,1.0
56,Americas,Asheville,3087.0,260.0,2536.0,5.0,5.0,0.8,0.8,18.0,0.6,0.8,1.0,34.0,22.49,1.0,0.45,0.8,0.8,0.6,0.85,0.6,0.0
57,Americas,Grand Rapids,3071.0,99.0,2133.0,5.0,5.0,0.8,0.8,26.0,0.6,0.8,0.8,34.0,22.49,1.0,0.6,0.8,0.8,0.6,0.85,0.8,0.0
58,Americas,San Jose,3312.0,250.0,4475.0,5.0,5.0,0.8,0.8,12.0,0.6,0.8,0.8,34.0,22.49,1.0,1.0,1.0,0.8,0.4,0.85,0.6,0.0
59,Americas,Pittsburgh,3359.0,150.0,2690.0,5.0,5.0,0.8,0.8,24.0,0.6,0.8,0.8,34.0,22.49,1.0,0.8,0.6,0.8,0.8,0.85,0.8,1.0
60,Americas,Palo Alto,4029.0,559.0,7891.0,5.0,5.0,0.8,0.8,19.0,0.6,0.8,0.8,34.0,22.49,0.6,0.8,0.8,0.8,0.8,0.85,0.8,0.0
61,Americas,Oklahoma City,2834.0,350.0,2637.0,5.0,5.0,0.8,0.8,0.0,0.6,0.8,0.8,34.0,22.49,0.8,0.6,0.6,0.8,0.4,0.82,0.6,0.0
62,Americas,St. Louis,3179.0,100.0,2117.0,5.0,5.0,0.8,0.6,47.0,0.6,0.8,0.6,34.0,22.49,0.8,0.8,0.8,0.8,0.6,0.83,0.6,0.0
63,Americas,Salt Lake City,3159.0,400.0,2616.0,5.0,5.0,0.8,1.0,33.0,0.6,0.8,0.8,34.0,22.49,0.8,0.8,1.0,0.8,0.62,0.87,0.6,0.0
64,Americas,Charlotte,2564.0,21.0,3221.0,5.0,5.0,0.4,0.8,23.0,0.6,0.8,1.0,34.0,22.49,0.8,0.8,0.8,0.6,0.8,0.85,0.8,0.0
65,Americas,Boulder,4217.0,350.0,3089.0,5.0,5.0,0.8,0.6,61.0,0.6,0.8,0.8,34.0,22.49,0.8,0.8,1.0,0.8,0.8,0.93,0.8,1.0
66,Americas,Bellingham,3281.0,35.0,2464.0,7.5,7.5,0.8,0.6,18.0,0.6,0.8,0.8,34.0,22.49,0.8,0.8,1.0,0.8,0.6,0.83,0.4,0.0
67,Americas,Honolulu,4306.0,199.0,4134.0,6.0,6.0,0.8,0.6,6.0,0.6,0.8,1.0,34.0,22.49,1.0,0.8,1.0,0.8,1.0,0.88,0.8,1.0
68,Americas,Cincinnati,2597.0,35.0,2076.0,5.05,5.05,0.8,0.8,23.0,0.6,0.8,1.0,34.0,22.49,0.8,0.6,0.8,0.6,0.8,0.84,0.8,1.0
69,Americas,Columbus,3535.0,500.0,2774.0,5.0,5.0,0.8,0.6,52.0,0.6,0.8,0.8,34.0,22.49,0.8,0.64,1.0,0.8,0.6,0.83,0.6,1.0
70,Americas,Gainesville,2590.0,366.0,2230.0,4.0,4.0,0.4,0.8,70.0,0.6,0.8,0.8,34.0,22.49,1.0,0.62,0.8,0.76,0.6,0.83,0.6,0.0
71,Americas,Baton Rouge,2908.0,616.1,2752.0,4.63,4.63,0.8,0.8,27.0,0.6,0.8,0.8,34.0,22.49,0.8,1.0,1.0,0.6,1.0,0.88,1.0,0.0
72,Americas,Chico,2489.0,150.0,1883.0,4.0,4.0,0.4,1.0,28.0,0.6,0.8,0.8,34.0,22.49,0.8,0.8,1.0,0.8,0.6,0.84,1.0,1.0
73,Americas,Flagstaff,3117.0,503.0,4265.0,3.0,3.0,0.4,0.8,27.0,0.6,0.8,0.8,34.0,22.49,0.6,0.6,0.8,0.6,0.8,0.83,0.8,0.0
74,Americas,Fairfax,3587.0,250.0,4350.0,7.5,7.5,0.8,0.8,55.0,0.6,0.8,0.8,34.0,22.49,1.0,0.8,0.8,0.8,0.4,0.85,0.8,0.0
75,Americas,Memphis,2561.0,150.0,1959.0,4.38,4.38,0.8,0.8,29.0,0.6,0.8,0.8,34.0,22.49,1.0,0.6,0.8,0.8,0.4,0.82,0.6,0.0
76,Americas,Boise,3076.0,366.0,2286.0,4.5,4.5,0.8,0.8,13.0,0.6,0.8,0.8,34.0,22.49,1.0,0.6,0.8,0.8,0.4,0.84,1.0,0.0
77,Americas,Des Moines,2883.0,250.0,2742.0,5.0,5.0,0.4,0.6,38.0,0.6,0.8,0.8,34.0,22.49,0.8,0.6,1.0,0.8,0.6,0.83,0.6,0.0
78,Americas,Mount Vernon,3553.0,458.0,5653.0,4.0,4.0,0.8,0.8,0.0,0.6,0.8,0.8,34.0,22.49,0.6,0.6,0.6,0.6,0.6,0.82,0.6,0.0
79,Americas,Knoxville,2334.0,90.0,1932.0,5.0,5.0,0.4,0.8,13.0,0.6,0.8,0.8,34.0,22.49,1.0,0.6,0.8,0.8,0.6,0.81,0.4,0.0
80,Americas,Provo,3013.0,406.26,2196.0,5.0,5.0,0.6,0.6,80.0,0.6,0.8,0.8,34.0,22.49,0.8,0.6,0.8,0.8,0.42,0.84,0.8,0.0
81,Americas,Ogden,2617.0,79.0,2297.0,5.0,5.0,0.6,0.0,56.0,0.6,0.8,0.8,34.0,22.49,0.0,0.6,0.8,0.8,0.4,0.8,0.8,0.0
82,Americas,Reno,2604.0,300.0,2073.0,5.0,5.0,0.2,0.6,13.0,0.6,0.8,0.6,34.0,22.49,0.8,0.6,0.6,0.8,0.6,0.8,1.0,1.0
83,Americas,Virginia Beach,2243.0,139.0,2408.0,5.59,5.59,0.4,0.8,27.0,0.6,0.8,0.8,34.0,22.49,0.8,0.6,0.6,0.6,0.8,0.83,0.8,0.0
84,Americas,Battle Creek,1310.0,132.98,5776.0,1.89,1.89,0.6,0.8,34.0,0.6,0.8,0.6,34.0,22.49,0.6,0.6,0.6,0.6,0.6,0.78,0.6,0.0
85,Americas,Los Angeles,4083.0,125.0,3661.0,5.0,5.0,1.0,1.0,19.0,0.6,0.8,0.6,34.0,22.49,0.8,0.8,1.0,0.8,1.0,0.84,1.0,1.0
86,Americas,Newark,4072.0,400.0,3066.0,7.25,7.25,0.8,0.6,9.0,0.6,0.8,0.75,34.0,22.49,0.8,0.6,0.8,0.8,0.8,0.82,0.8,1.0
87,Americas,New York City,4750.0,375.0,5646.0,7.5,7.5,0.8,1.0,27.0,0.6,0.8,0.6,34.0,22.49,0.78,0.8,0.8,0.8,1.0,0.83,1.0,1.0
88,Americas,Chattanooga,3168.0,325.0,2257.0,5.0,5.0,0.4,1.0,85.0,0.6,0.8,0.8,34.0,22.49,0.8,0.8,1.0,0.8,0.4,0.82,0.6,0.0
89,Americas,Park City,4183.0,500.0,3553.0,5.0,5.0,0.8,1.0,55.0,0.6,0.8,0.8,34.0,22.49,0.8,0.6,1.0,0.8,0.6,0.88,1.0,0.0
90,Americas,Jacksonville,2586.0,150.0,2100.0,4.0,4.0,0.4,1.0,20.0,0.6,0.8,0.6,34.0,22.49,1.0,0.6,0.8,0.8,0.8,0.83,0.6,0.0
91,Americas,Fargo,2959.0,350.0,2665.0,5.0,5.0,0.4,0.6,61.0,0.6,0.8,0.8,34.0,22.49,0.8,0.6,1.0,0.8,0.6,0.81,0.6,0.0
92,Americas,Fresno,2421.0,39.0,1862.0,4.5,4.5,0.4,1.0,35.0,0.6,0.8,0.8,34.0,22.49,1.0,0.8,1.0,0.8,0.4,0.84,1.0,1.0
93,Americas,Bloomington,3386.0,215.0,2405.0,5.0,5.0,0.4,0.4,28.0,0.6,0.8,0.8,34.0,22.49,0.8,0.8,0.8,0.8,0.6,0.81,0.6,0.0
94,Americas,Baltimore,3943.0,295.0,3150.0,7.5,7.5,0.8,0.8,17.0,0.6,0.8,0.4,34.0,22.49,0.6,0.38,0.6,0.4,0.6,0.75,0.6,1.0
95,Americas,Wichita,2593.0,401.38,2186.0,4.0,4.0,0.6,0.8,26.0,0.6,0.8,0.8,34.0,22.49,0.6,0.6,0.6,0.6,0.6,0.81,0.6,0.0
96,Americas,Cleveland,3316.0,100.0,2371.0,5.0,5.0,0.4,0.0,30.0,0.6,0.8,0.6,34.0,22.49,0.6,0.6,0.6,0.8,0.6,0.79,0.8,1.0
97,Americas,Key West,4499.0,486.78,4988.0,4.0,4.0,0.8,0.8,27.0,0.6,0.8,0.8,34.0,22.49,0.8,0.8,0.8,0.6,1.0,0.87,1.0,0.0
98,Americas,Beacon,3191.0,200.0,2969.0,5.0,5.0,0.4,0.6,52.0,0.6,0.8,0.8,34.0,22.49,0.8,0.8,0.8,0.8,0.6,0.8,0.4,0.0
99,Americas,Ann Arbor,3498.0,450.0,2934.0,5.0,5.0,0.4,0.8,29.0,0.6,0.8,0.8,34.0,22.49,1.0,0.6,0.8,0.8,0.4,0.81,0.6,1.0
100,Americas,Princeton,3674.0,457.5,6905.0,4.0,4.0,1.0,0.8,41.0,0.6,0.8,0.8,34.0,22.49,0.6,0.6,0.8,0.6,0.6,0.8,0.8,0.0
101,Americas,West Palm Beach,3300.0,299.0,3327.0,6.0,6.0,0.4,0.8,5.0,0.6,0.8,0.6,34.0,22.49,0.8,0.8,1.0,0.8,0.8,0.81,1.0,0.0
102,Americas,Indianapolis,3188.0,200.0,2420.0,5.0,5.0,0.4,0.6,22.0,0.6,0.8,0.6,34.0,22.49,0.8,0.8,0.8,0.8,0.6,0.78,0.4,0.0
103,Americas,Scottsdale,3545.0,524.6,5914.0,5.0,5.0,0.6,0.8,33.0,0.6,0.8,0.8,34.0,22.49,0.6,0.8,0.6,0.6,0.6,0.81,0.8,0.0
104,Americas,Tulsa,3312.0,590.48,2533.0,4.9,4.9,0.4,0.6,20.0,0.6,0.8,0.8,34.0,22.49,0.8,0.6,0.6,0.6,0.8,0.82,0.6,0.0
105,Americas,San Francisco,4879.0,570.0,6086.0,5.0,5.0,0.8,1.0,9.0,0.6,0.8,0.62,34.0,22.49,0.8,0.8,1.0,0.8,1.0,0.83,1.0,1.0
106,Americas,Washington,4317.0,400.0,4164.0,7.5,7.5,0.8,1.0,32.0,0.6,0.8,0.4,34.0,22.49,1.0,0.8,0.8,0.8,0.8,0.79,1.0,1.0
107,Americas,Hilo,3634.0,200.0,2575.0,7.0,7.0,0.8,0.6,6.0,0.6,0.8,1.0,34.0,22.49,1.0,0.8,1.0,0.8,0.8,0.83,0.6,1.0
108,Americas,Boston,4562.0,299.0,4400.0,5.0,5.0,0.8,0.8,20.0,0.6,0.8,0.8,34.0,22.49,0.6,0.8,0.6,0.8,0.8,0.8,0.6,1.0
109,Americas,Huntsville,3152.0,249.0,2174.0,6.0,6.0,0.4,0.8,46.0,0.6,0.8,0.8,34.0,22.49,1.0,0.6,0.6,0.8,0.4,0.81,0.6,0.0
110,Americas,Stamford,3966.0,250.0,4491.0,7.5,7.5,0.4,1.0,16.0,0.6,0.8,0.0,34.0,22.49,1.0,1.0,0.8,0.8,0.6,0.79,0.4,1.0
111,Americas,Dayton,3056.0,150.0,2056.0,6.5,6.5,0.4,1.0,13.0,0.6,0.8,0.8,34.0,22.49,1.0,0.6,0.8,0.8,0.6,0.81,0.6,0.0
112,Americas,Hartford,3750.0,200.0,2803.0,7.5,7.5,0.4,1.0,16.0,0.6,0.8,0.6,34.0,22.49,1.0,0.8,0.8,0.8,0.4,0.78,0.4,1.0
113,Americas,Syracuse,3537.0,433.0,3847.0,3.0,3.0,0.4,0.8,54.0,0.6,0.8,0.8,34.0,22.49,0.8,0.6,0.6,0.6,0.6,0.8,0.8,0.0
114,Americas,Monterey,4340.0,494.0,8044.0,5.0,5.0,0.4,0.8,44.0,0.6,0.8,0.8,34.0,22.49,0.6,0.6,0.6,0.6,0.6,0.79,0.6,0.0
115,Americas,Bedford,3695.0,467.0,4939.0,4.0,4.0,0.4,0.8,20.0,0.6,0.8,0.8,34.0,22.49,0.6,0.6,0.6,0.6,0.6,0.78,0.6,0.0
116,Americas,Ithaca,4127.0,433.0,4310.0,3.0,3.0,0.4,0.8,23.0,0.6,0.8,0.8,34.0,22.49,0.6,0.6,0.6,0.6,0.6,0.79,0.6,0.0
117,Americas,Santa Monica,5396.0,299.0,4725.0,5.0,5.0,0.8,0.4,31.0,0.6,0.8,0.8,34.0,22.49,0.8,0.6,0.8,0.8,0.6,0.8,1.0,0.0
118,Americas,Anchorage,3760.0,325.0,2898.0,6.0,6.0,0.4,0.8,36.0,0.6,0.8,0.8,34.0,22.49,1.0,0.6,0.8,0.8,0.6,0.8,0.6,1.0
119,Americas,Santa Barbara,5230.0,529.0,6496.0,6.0,6.0,0.4,0.8,16.0,0.6,0.8,0.6,34.0,22.49,0.6,0.8,0.6,0.6,0.8,0.8,0.8,0.0
120,Americas,Salem,4102.0,457.5,5318.0,3.5,3.5,0.6,0.8,47.0,0.6,0.8,0.6,34.0,22.49,0.2,0.6,0.6,0.6,0.6,0.76,0.6,1.0
121,Americas,Detroit,2576.0,30.0,1801.0,5.0,5.0,0.8,0.6,19.0,0.6,0.8,0.2,34.0,22.49,0.8,0.6,0.8,0.8,0.6,0.63,0.6,1.0
122,Americas,York,4611.0,389.63,2565.0,4.24,4.24,0.6,0.8,0.0,0.6,0.8,0.8,32.4,21.7,0.6,0.6,0.6,0.6,0.6,0.77,0.6,0.0
123,Americas,Charleston,3182.0,275.0,2972.0,4.0,4.0,0.8,1.0,4.0,0.6,0.8,0.62,34.0,22.49,0.82,0.8,0.82,0.8,0.6,0.78,0.42,0.0
124,Americas,Saint Louis,3229.0,150.0,2242.0,5.0,5.0,0.8,0.8,34.0,0.6,0.8,0.2,34.0,22.49,0.6,1.0,0.6,0.8,0.4,0.62,0.4,0.0
125,Americas,Fez,2735.0,26.05,1201.0,0.0,0.0,0.8,0.6,2.0,0.2,0.6,0.6,74.2,42.64,0.4,0.4,0.8,0.8,0.8,0.68,0.4,0.0
126,Americas,Kobe,3749.0,451.51,2050.0,3.7,3.7,0.8,0.8,3.0,0.6,0.8,1.0,35.1,28.67,0.8,0.6,0.8,0.6,1.0,0.81,0.8,0.0
127,Americas,Chicago,4056.0,250.0,3129.0,6.0,6.0,0.8,0.6,24.0,0.6,0.8,0.2,34.0,22.49,0.8,0.6,0.6,0.8,0.45,0.57,0.6,1.0
128,Americas,Anápolis,5658.0,203.94,7911.0,2.16,2.16,0.4,0.4,5.0,0.4,0.6,0.4,65.3,32.62,0.4,0.6,0.6,0.6,0.4,0.59,0.6,0.0
129,Americas,George Town,4358.0,150.0,4762.0,2.65,2.65,0.6,0.6,2.0,0.2,0.6,0.6,66.1,46.57,0.6,0.4,0.6,0.4,0.6,0.66,0.6,0.0
130,Europe,Madrid,2554.0,161.3,2197.0,5.38,5.38,1.0,0.6,18.0,0.8,0.8,0.8,39.8,19.92,0.8,1.0,0.8,0.6,0.6,0.88,0.8,1.0
131,Europe,Las Palmas,2245.0,96.78,1859.0,4.03,4.03,0.8,0.24,24.0,0.8,0.8,0.8,39.8,19.92,0.8,1.0,0.8,1.0,0.78,0.85,0.8,1.0
132,Europe,Seville,2307.0,193.56,1781.0,3.23,3.23,0.8,0.6,29.0,0.8,0.8,1.0,39.8,19.92,0.8,0.8,0.6,0.4,0.6,0.86,0.45,1.0
133,Europe,Valencia,2287.0,215.07,1655.0,4.3,4.3,0.8,0.8,8.0,0.8,0.8,0.8,39.8,19.92,1.0,0.8,0.8,0.4,0.8,0.85,0.62,1.0
134,Europe,Barcelona,3206.0,215.07,2330.0,5.38,5.38,1.0,0.6,28.0,0.8,0.8,0.8,39.8,19.92,0.62,1.0,0.62,0.87,1.0,0.82,1.0,1.0
135,Europe,Bilbao,2808.0,193.56,2466.0,5.38,5.38,0.2,0.6,43.0,0.8,0.8,0.6,39.8,19.92,0.8,0.6,0.8,0.4,0.6,0.8,0.4,1.0
136,Europe,Palma De Mallorca,3542.0,145.17,3417.0,5.38,5.38,0.8,0.8,0.0,0.8,0.8,0.8,39.8,19.92,0.8,1.0,0.8,0.4,1.0,0.83,1.0,1.0
137,Europe,Alicante,2765.0,436.86,1973.0,5.38,5.38,0.6,0.6,23.0,0.8,0.8,0.8,39.8,19.92,0.6,0.6,0.8,0.45,0.8,0.84,1.0,1.0
138,Europe,Corralejo,3073.0,129.04,1624.0,1.61,1.61,0.8,0.4,10.0,0.8,0.8,1.0,39.8,19.92,0.8,0.82,0.8,0.62,1.0,0.81,0.44,1.0
139,Europe,A Coruna,2383.0,182.81,1663.0,4.84,4.84,0.4,0.6,0.0,0.8,0.8,0.8,39.8,19.92,0.8,0.4,0.8,0.4,0.6,0.79,0.6,1.0
140,Europe,Malaga,2371.0,168.83,1718.0,4.3,4.3,0.4,0.4,0.0,0.8,0.8,0.8,39.8,19.92,0.8,0.4,1.0,0.45,0.64,0.78,0.64,1.0
141,Europe,Pamplona,2426.0,198.94,1798.0,2.15,2.15,0.4,0.6,19.0,0.8,0.8,0.8,39.8,19.92,0.6,0.6,0.6,0.6,0.6,0.78,0.6,0.0
142,Europe,Granada,2514.0,322.6,1934.0,5.38,5.38,0.4,0.2,6.0,0.8,0.8,0.6,39.8,19.92,0.8,0.6,0.6,0.4,0.6,0.74,1.0,1.0
143,Europe,Marbella,3178.0,182.81,2162.0,2.15,2.15,0.4,0.8,7.0,0.8,0.8,1.0,39.8,19.92,0.8,0.8,0.8,0.6,0.8,0.81,1.0,0.0
144,Europe,Ciutadella,3074.0,215.07,1841.0,3.76,3.76,0.6,1.0,4.0,0.8,0.8,0.8,39.8,19.92,0.8,0.6,1.0,0.4,1.0,0.8,0.2,1.0
145,Europe,Ibi,2250.0,161.3,1315.0,3.23,3.23,0.4,0.6,3.0,0.8,0.8,0.6,39.8,19.92,0.8,0.4,1.0,0.4,1.0,0.78,0.2,1.0
146,Europe,Porto,1681.0,107.53,1357.0,2.69,2.69,1.0,0.62,21.0,0.8,1.0,0.8,29.2,17.27,0.76,0.64,0.83,1.0,0.63,0.84,0.8,0.0
147,Europe,Lisbon,1844.0,106.46,1455.0,2.69,2.69,0.6,0.6,54.0,0.8,1.0,0.8,29.2,17.27,0.8,0.8,0.8,0.8,1.0,0.84,1.0,0.0
148,Europe,Braga,1322.0,129.04,1196.0,2.15,2.15,0.4,1.0,29.0,0.8,1.0,0.8,29.2,17.27,0.8,0.6,1.0,0.6,0.45,0.83,0.6,0.0
149,Europe,Aveiro,1964.0,215.07,1394.0,3.23,3.23,0.4,0.4,20.0,0.8,1.0,0.82,29.2,17.27,0.8,0.62,1.0,0.6,0.95,0.8,0.58,0.0
150,Europe,Funchal,2030.0,86.03,1349.0,1.77,1.77,0.4,0.4,21.0,0.8,1.0,0.8,29.2,17.27,0.6,0.4,0.8,0.6,0.6,0.79,0.6,0.0
151,Europe,Coimbra,2009.0,118.29,1268.0,4.3,4.3,0.4,0.6,21.0,0.8,1.0,0.6,29.2,17.27,1.0,0.4,0.8,0.6,0.6,0.78,0.6,0.0
152,Europe,Brussels,2528.0,279.58,2075.0,4.3,4.3,1.0,0.76,38.0,0.8,1.0,0.6,29.0,14.18,1.0,0.6,0.4,0.4,0.6,0.87,0.6,0.0
153,Europe,Antwerp,3125.0,75.27,2114.0,6.99,6.99,0.8,0.8,141.0,0.8,1.0,1.0,29.0,14.18,1.0,0.8,0.8,0.4,0.8,0.89,0.8,0.0
154,Europe,Ghent,2605.0,104.31,2001.0,4.3,4.3,0.8,0.4,34.0,0.8,1.0,1.0,29.0,14.18,1.0,0.6,0.8,0.38,0.6,0.86,0.6,0.0
155,Europe,Leuven,2852.0,355.52,2082.0,3.49,3.49,0.8,0.8,34.0,0.8,1.0,0.8,29.0,14.18,0.6,0.6,0.6,0.6,0.6,0.79,0.6,0.0
156,Oceania,Wellington,2408.0,266.44,2167.0,4.97,4.97,1.0,1.0,11.0,0.8,1.0,0.8,21.3,10.01,1.0,1.0,1.0,1.0,0.6,0.89,0.6,0.0
157,Oceania,Christchurch,2172.0,319.73,2259.0,3.55,3.55,0.8,0.6,32.0,0.8,1.0,1.0,21.3,10.01,0.0,0.6,1.0,1.0,0.8,0.88,0.6,0.0
158,Oceania,Auckland,2810.0,60.39,2816.0,7.11,7.11,0.8,0.2,7.0,0.8,1.0,1.0,21.3,10.01,0.8,1.0,0.8,1.0,0.6,0.82,0.6,0.0
159,Oceania,Dunedin,2751.0,433.41,2017.0,5.33,5.33,0.4,0.8,22.0,0.8,1.0,1.0,21.3,10.01,1.0,0.8,0.8,1.0,0.6,0.83,0.8,0.0
160,Europe,Stockholm,3202.0,492.03,2750.0,4.1,4.1,1.0,0.4,19.0,0.8,1.0,1.0,22.6,12.33,1.0,1.0,0.82,0.8,0.8,0.89,0.8,0.0
161,Europe,Gothenburg,2984.0,355.77,2456.0,4.37,4.37,0.8,0.8,35.0,0.8,1.0,0.8,22.6,12.33,1.0,0.8,1.0,0.8,1.0,0.87,1.0,0.0
162,Europe,Malmo,2712.0,273.35,1973.0,4.24,4.24,0.4,0.4,0.0,0.8,1.0,1.0,22.6,12.33,1.0,0.6,0.78,0.8,0.8,0.8,0.8,0.0
163,Asia,Ubud,1331.0,274.27,1288.0,1.12,1.12,0.8,0.6,5.0,0.2,0.6,0.8,74.9,41.72,0.64,0.8,0.8,0.8,1.0,0.76,0.6,0.0
164,Asia,Denpasar,1575.0,5.61,1222.0,0.0,0.0,0.8,0.8,8.0,0.2,0.6,0.8,74.9,41.72,0.4,0.18,0.6,0.4,0.8,0.74,0.8,0.0
165,Asia,Canggu,2114.0,261.86,1759.0,1.87,1.87,0.8,0.6,5.0,0.2,0.6,0.8,74.9,41.72,0.6,0.4,1.0,0.8,0.8,0.76,0.6,0.0
166,Asia,Kuta,1488.0,5.61,2971.0,0.75,0.75,0.8,0.4,0.0,0.2,0.6,0.6,74.9,41.72,0.4,0.2,0.8,0.4,0.6,0.72,0.4,0.0
167,Asia,Makassar,593.0,5.61,2391.0,0.75,0.75,0.6,0.4,5.0,0.2,0.6,0.4,74.9,41.72,0.4,0.4,0.6,0.4,0.6,0.62,0.6,0.0
168,Asia,Bandung,776.0,48.63,1560.0,0.75,0.75,0.4,0.6,8.0,0.2,0.6,0.6,74.9,41.72,0.4,0.4,0.8,0.4,0.8,0.66,0.4,0.0
169,Asia,Surabaya,714.0,91.28,749.0,0.75,0.75,0.4,0.6,5.0,0.2,0.6,0.6,74.9,41.72,0.6,0.4,0.6,0.4,0.6,0.65,0.4,0.0
170,Asia,Malang,615.0,5.61,882.0,0.75,0.75,0.6,0.6,5.0,0.2,0.6,0.4,74.9,41.72,0.4,0.4,0.6,0.4,0.6,0.62,0.6,0.0
171,Asia,Jakarta,1306.0,224.46,1376.0,1.87,1.87,0.8,0.6,4.0,0.2,0.6,0.6,74.9,41.72,0.4,0.2,0.64,0.4,0.6,0.63,0.6,0.0
172,Asia,Cirebon,639.0,5.61,842.0,0.75,0.75,0.8,0.6,3.0,0.2,0.6,0.6,74.9,41.72,0.4,0.2,0.8,0.4,0.6,0.65,0.4,0.0
173,Asia,Yogyakarta,726.0,22.45,782.0,2.4,2.4,0.4,0.4,2.0,0.2,0.6,0.6,74.9,41.72,0.4,0.2,0.6,0.4,0.4,0.64,0.6,0.0
174,Asia,Surakarta,565.0,5.61,723.0,0.0,0.0,0.2,0.6,4.0,0.2,0.6,0.4,74.9,41.72,0.4,0.2,0.6,0.8,0.4,0.56,0.2,0.0
175,Asia,Semarang,566.0,5.61,924.0,0.0,0.0,0.2,0.4,2.0,0.2,0.6,0.4,74.9,41.72,0.4,0.2,0.6,0.8,0.4,0.56,0.2,0.0
176,Asia,Pekanbaru,610.0,5.61,2447.0,0.0,0.0,0.2,0.4,2.0,0.2,0.6,0.4,74.9,41.72,0.4,0.2,0.6,0.8,0.6,0.55,0.2,0.0
177,Asia,Batam,927.0,207.17,441.0,0.0,0.0,0.6,0.6,1.0,0.2,0.4,0.6,84.7,44.66,0.6,0.4,0.8,0.6,0.6,0.56,0.6,0.0
178,Americas,Buenos Aires,2393.0,153.85,1247.0,2.69,2.69,1.0,0.62,6.0,0.6,0.8,0.6,48.4,25.09,0.6,1.0,0.82,0.78,1.0,0.81,1.0,0.0
179,Americas,La Plata,2290.0,15.38,991.0,3.27,3.27,0.4,0.2,5.0,0.6,0.8,0.4,48.4,25.09,0.6,0.8,1.0,0.8,1.0,0.74,1.0,0.0
180,Americas,Mar del Plata,2152.0,123.08,1051.0,1.54,1.54,0.4,0.4,12.0,0.6,0.8,0.4,48.4,25.09,0.6,0.8,0.6,0.8,0.8,0.69,0.4,0.0
181,Americas,Cordoba,1546.0,62.62,717.0,0.77,0.77,0.8,0.6,4.0,0.6,0.8,0.56,48.4,25.09,0.6,0.8,1.0,0.8,0.8,0.8,1.0,0.0
182,Americas,Rosario,2863.0,307.25,1582.0,3.66,3.66,0.6,0.56,8.0,0.6,0.8,0.38,48.4,25.09,0.6,1.0,0.6,0.6,0.6,0.73,0.6,0.0
183,Americas,Mendoza,3762.0,358.49,1621.0,3.45,3.45,0.6,0.6,4.0,0.6,0.8,0.42,48.4,25.09,0.4,0.6,0.6,0.6,0.4,0.68,0.6,0.0
184,Americas,Montreal,2574.0,258.5,1818.0,3.69,3.69,1.0,0.6,0.0,0.8,1.0,0.8,23.8,15.26,1.0,1.0,0.8,1.0,0.6,0.9,0.8,0.0
185,Americas,Quebec City,2081.0,89.37,1266.0,2.58,2.58,0.8,0.6,0.0,0.8,1.0,0.8,23.8,15.26,1.0,1.0,0.8,1.0,0.6,0.82,0.4,0.0
186,Americas,Halifax,2596.0,221.57,2010.0,3.32,3.32,0.8,0.6,0.0,0.8,1.0,0.6,23.8,15.26,1.0,0.6,0.8,1.0,0.6,0.82,0.4,0.0
187,Americas,Ottawa,2472.0,88.63,1760.0,3.69,3.69,0.8,0.6,0.0,0.8,1.0,1.0,23.8,15.26,1.0,0.4,1.0,1.0,0.6,0.84,0.4,0.0
188,Americas,Victoria,3061.0,240.03,2067.0,4.06,4.06,0.8,1.0,0.0,0.8,1.0,1.0,23.8,15.26,1.0,1.0,1.0,1.0,0.4,0.83,0.6,0.0
189,Americas,Calgary,3002.0,221.57,2365.0,5.54,5.54,0.8,0.2,0.0,0.8,1.0,0.6,23.8,15.26,0.6,0.6,0.8,0.96,0.6,0.79,0.6,0.0
190,Americas,Kitchener,3170.0,350.08,2454.0,5.54,5.54,0.4,0.8,0.0,0.8,1.0,1.0,23.8,15.26,1.0,1.0,1.0,1.0,1.0,0.84,0.4,0.0
191,Americas,Oshawa,2060.0,147.71,1797.0,3.32,3.32,0.4,0.8,0.0,0.8,1.0,1.0,23.8,15.26,1.0,1.0,1.0,1.0,0.6,0.8,0.6,0.0
192,Americas,Lethbridge,3605.0,296.9,3192.0,8.31,8.31,0.82,0.8,0.0,0.8,1.0,1.0,23.8,15.26,1.0,1.0,1.0,1.0,1.0,0.84,0.79,0.0
193,Americas,Kelowna,3258.0,274.74,2172.0,5.54,5.54,0.4,0.8,0.0,0.8,1.0,1.0,23.8,15.26,1.0,0.8,1.0,1.0,1.0,0.84,0.6,0.0
194,Americas,Surrey,2469.0,147.71,1759.0,3.51,3.51,0.4,1.0,0.0,0.8,1.0,1.0,23.8,15.26,1.0,1.0,1.0,1.0,0.6,0.79,0.4,0.0
195,Americas,Chatham,2198.0,221.57,1198.0,1.85,1.85,0.4,0.6,0.0,0.8,1.0,1.0,23.8,15.26,1.0,0.6,0.8,1.0,0.4,0.78,0.4,0.0
196,Americas,Winnipeg,2523.0,258.5,1804.0,3.69,3.69,0.4,0.8,0.0,0.8,1.0,1.0,23.8,15.26,1.0,1.0,1.0,1.0,0.6,0.8,0.4,0.0
197,Americas,Saskatoon,2387.0,147.71,1751.0,3.69,3.69,0.4,0.6,0.0,0.8,1.0,1.0,23.8,15.26,1.0,1.0,1.0,1.0,0.6,0.79,0.4,0.0
198,Americas,Barrie,2400.0,221.57,1879.0,4.06,4.06,0.6,0.6,0.0,0.8,1.0,0.8,23.8,15.26,1.0,0.8,0.8,1.0,0.2,0.77,0.6,0.0
199,Americas,Regina,2535.0,103.4,1888.0,4.25,4.25,0.4,0.6,0.0,0.8,1.0,1.0,23.8,15.26,0.0,1.0,0.8,1.0,0.6,0.77,0.6,0.0
200,Americas,Vancouver,3522.0,350.82,2483.0,3.69,3.69,0.8,1.0,0.0,0.8,1.0,0.8,23.8,15.26,1.0,1.0,0.62,1.0,0.6,0.77,0.58,0.0
201,Americas,Edmonton,2048.0,44.31,1826.0,2.95,2.95,0.4,0.4,0.0,0.8,1.0,0.6,23.8,15.26,1.0,0.6,1.0,1.0,0.4,0.76,0.4,0.0
202,Americas,Nanaimo,2757.0,184.64,1935.0,5.54,5.54,0.4,0.8,0.0,0.8,1.0,1.0,23.8,15.26,1.0,1.0,0.6,1.0,0.4,0.77,0.4,0.0
203,Americas,St.Catharines,2298.0,73.12,2611.0,3.69,3.69,0.6,0.6,0.0,0.8,1.0,1.0,23.8,15.26,1.0,1.0,1.0,1.0,0.4,0.77,0.4,0.0
204,Americas,Moncton,3238.0,450.52,2257.0,5.54,5.54,0.8,0.8,0.0,0.8,1.0,1.0,23.8,15.26,1.0,0.8,1.0,1.0,0.6,0.8,0.6,0.0
205,Americas,Toronto,3326.0,221.57,2302.0,3.69,3.69,0.8,0.6,0.0,0.8,1.0,0.64,23.8,15.26,0.6,1.0,0.82,1.0,0.6,0.76,1.0,0.0
206,Americas,Abbotsford,2657.0,360.42,1954.0,4.43,4.43,1.0,1.0,0.0,0.8,1.0,0.6,23.8,15.26,1.0,0.8,0.8,1.0,0.8,0.8,0.8,0.0
207,Americas,Brampton,2247.0,258.5,1832.0,2.95,2.95,0.4,0.6,0.0,0.8,1.0,0.8,23.8,15.26,1.0,0.6,0.8,1.0,0.6,0.79,0.8,0.0
208,Americas,Whistler,2170.0,368.53,4876.0,4.06,4.06,0.8,0.8,0.0,0.8,1.0,0.8,23.8,15.26,0.6,0.6,0.8,0.6,0.6,0.75,0.6,0.0
209,Americas,Fredericton,2676.0,300.05,1748.0,3.69,3.69,0.8,0.6,0.0,0.8,1.0,0.8,23.8,15.26,1.0,0.8,0.8,1.0,0.4,0.77,0.4,0.0
210,Americas,Fort McMurray,3815.0,540.63,3259.0,6.65,6.65,0.6,0.4,0.0,0.8,1.0,0.8,23.8,15.26,1.0,0.4,0.8,1.0,0.2,0.75,0.6,0.0
211,Europe,Berlin,2236.0,172.05,2037.0,4.3,4.3,0.8,1.0,40.0,0.8,1.0,1.0,28.6,14.8,1.0,1.0,1.0,1.0,1.0,0.88,1.0,0.0
212,Europe,Hamburg,3052.0,430.13,2740.0,4.3,4.3,0.8,0.2,22.0,0.8,1.0,1.0,28.6,14.8,1.0,0.6,0.8,0.8,1.0,0.9,1.0,0.0
213,Europe,Cologne,2183.0,322.6,1905.0,4.3,4.3,0.8,0.22,13.0,0.8,1.0,1.0,28.6,14.8,1.0,1.0,0.62,0.75,0.8,0.86,0.8,0.0
214,Europe,Munich,2704.0,311.84,2458.0,4.3,4.3,0.8,0.4,20.0,0.8,1.0,0.98,28.6,14.8,1.0,1.0,1.0,0.8,1.0,0.87,0.96,0.0
215,Europe,Stuttgart,2501.0,257.0,1968.0,4.3,4.3,0.8,0.6,25.0,0.8,1.0,1.0,28.6,14.8,1.0,1.0,1.0,0.8,0.8,0.89,0.8,0.0
216,Europe,Nuremberg,2376.0,160.22,1668.0,4.3,4.3,0.8,0.4,16.0,0.8,1.0,1.0,28.6,14.8,1.0,1.0,0.8,0.8,0.8,0.85,0.6,0.0
217,Europe,Leipzig,2128.0,161.3,1463.0,4.3,4.3,0.4,0.0,47.0,0.8,1.0,0.8,28.6,14.8,1.0,1.0,0.78,0.8,0.56,0.8,0.6,0.0
218,Europe,Dusseldorf,2687.0,311.84,2081.0,4.3,4.3,0.8,0.2,0.0,0.8,1.0,1.0,28.6,14.8,1.0,1.0,0.8,0.8,0.4,0.79,0.62,0.0
219,Europe,Karlsruhe,2181.0,215.07,1680.0,4.3,4.3,0.4,0.4,38.0,0.8,1.0,1.0,28.6,14.8,1.0,0.6,0.6,0.8,0.6,0.8,0.22,0.0
220,Europe,Bremen,2484.0,387.12,1855.0,4.3,4.3,0.8,0.6,20.0,0.8,1.0,1.0,28.6,14.8,1.0,1.0,0.8,0.8,0.6,0.81,1.0,0.0
221,Europe,Jena,2218.0,268.83,1783.0,4.3,4.3,0.4,0.2,21.0,0.8,1.0,1.0,28.6,14.8,1.0,1.0,0.8,0.8,0.6,0.8,1.0,0.0
222,Europe,Dresden,2230.0,106.46,1495.0,4.3,4.3,0.4,0.8,26.0,0.8,1.0,1.0,28.6,14.8,1.0,0.8,1.0,0.8,0.6,0.83,0.8,0.0
223,Europe,Dortmund,2867.0,318.79,2023.0,3.23,3.23,0.8,0.8,14.0,0.8,1.0,1.0,28.6,14.8,0.6,0.6,0.6,0.6,0.8,0.8,0.6,0.0
224,Europe,Aachen,2785.0,393.57,1879.0,4.3,4.3,0.4,0.8,18.0,0.8,1.0,0.8,28.6,14.8,1.0,0.8,0.8,0.8,0.6,0.8,0.8,0.0
225,Europe,Hannover,2957.0,204.31,1968.0,4.3,4.3,0.6,0.6,0.0,0.8,1.0,1.0,28.6,14.8,1.0,0.4,0.8,0.8,0.6,0.79,0.6,0.0
226,Europe,Heidelberg,2983.0,348.96,2111.0,3.23,3.23,0.6,0.6,38.0,0.8,1.0,0.8,28.6,14.8,0.6,0.4,0.6,0.6,0.6,0.78,0.6,0.0
227,Europe,Erlangen,2972.0,343.72,1880.0,3.23,3.23,0.6,0.6,15.0,0.8,1.0,0.8,28.6,14.8,0.6,0.6,0.6,0.6,0.6,0.76,0.6,0.0
228,Europe,Frankfurt,2634.0,393.57,2167.0,4.3,4.3,0.8,0.6,3.0,0.8,1.0,1.0,28.6,14.8,1.0,1.0,1.0,0.8,0.8,0.83,0.8,0.0
229,Asia,Hanoi,785.0,44.72,937.0,1.12,1.12,1.0,0.4,5.0,0.2,0.6,0.64,70.7,74.27,0.42,0.42,0.62,0.42,0.42,0.73,0.6,0.0
230,Asia,Ho Chi Minh City,829.0,89.43,1037.0,1.12,1.12,0.8,0.6,10.0,0.2,0.6,0.58,70.7,74.27,0.6,0.4,0.6,0.4,0.8,0.7,0.76,0.0
231,Asia,Hoi An,727.0,178.86,824.0,0.67,0.67,0.4,0.6,5.0,0.2,0.6,0.6,70.7,74.27,0.4,0.6,0.6,0.4,0.6,0.63,0.6,0.0
232,Asia,Da Nang,1019.0,178.86,1447.0,1.45,1.45,0.8,0.6,3.0,0.2,0.6,0.6,70.7,74.27,0.6,0.4,0.8,0.6,0.6,0.71,0.4,0.0
233,Asia,Da Lat,729.0,109.11,722.0,1.34,1.34,0.4,1.0,4.0,0.2,0.6,0.6,70.7,74.27,0.4,0.4,1.0,0.4,0.6,0.66,0.4,0.0
234,Asia,Hong Kong,1942.0,257.83,2953.0,3.22,3.22,0.4,0.27,52.0,0.6,0.6523779180015287,0.8,59.14953235031526,28.5,0.6,0.8,0.6,0.45,1.0,0.83,1.0,0.0
235,Oceania,Perth,1938.0,332.05,3130.0,3.02,3.02,0.8,0.6,5.0,0.8,1.0,1.0,22.5,17.84,1.0,0.8,1.0,0.8,1.0,0.88,0.6,0.0
236,Oceania,Wollongong,2561.0,226.4,2648.0,5.66,5.66,0.8,1.0,50.0,0.8,1.0,0.8,22.5,17.84,1.0,1.0,1.0,0.8,1.0,0.87,0.6,0.0
237,Oceania,Cairns,2541.0,298.09,2448.0,5.66,5.66,0.4,0.8,16.0,0.8,1.0,0.8,22.5,17.84,1.0,0.8,0.8,0.8,1.0,0.86,1.0,0.0
238,Oceania,Brisbane,3135.0,290.54,2827.0,7.55,7.55,0.8,0.2,7.0,0.8,1.0,1.0,22.5,17.84,1.0,0.8,0.8,0.8,0.6,0.83,0.6,0.0
239,Oceania,Gold Coast,2986.0,565.99,3888.0,4.53,4.53,0.4,0.2,20.0,0.8,1.0,0.6,22.5,17.84,0.8,0.8,1.0,0.8,1.0,0.83,0.6,0.0
240,Oceania,Hobart,2248.0,237.72,1944.0,3.77,3.77,0.4,1.0,30.0,0.8,1.0,0.8,22.5,17.84,1.0,0.8,1.0,0.8,1.0,0.88,0.6,0.0
241,Oceania,Sydney,2895.0,301.86,4849.0,5.66,5.66,0.8,0.6,18.0,0.8,1.0,0.8,22.5,17.84,0.8,1.0,1.0,0.8,0.98,0.8,0.4,0.0
242,Oceania,Melbourne,2934.0,415.06,3285.0,5.66,5.66,0.6,0.2,6.0,0.8,1.0,0.82,22.5,17.84,1.0,0.8,0.8,0.8,0.8,0.8,0.8,0.0
243,Oceania,Darwin,4441.0,766.73,4097.0,9.43,9.43,0.4,0.8,25.0,0.8,1.0,0.8,22.5,17.84,1.0,0.8,1.0,0.8,0.8,0.86,0.8,0.0
244,Oceania,Canberra,3060.0,460.34,3287.0,5.66,5.66,0.4,1.0,10.0,0.8,1.0,1.0,22.5,17.84,1.0,0.8,1.0,0.8,0.6,0.81,1.0,0.0
245,Oceania,Adelaide,2345.0,452.79,2913.0,3.77,3.77,0.8,0.8,4.0,0.8,1.0,1.0,22.5,17.84,1.0,1.0,0.8,0.8,0.8,0.83,0.8,0.0
246,Oceania,Byron Bay,3183.0,409.02,8270.0,3.77,3.77,0.4,0.8,3.0,0.8,1.0,0.6,22.5,17.84,0.6,0.6,0.6,0.6,0.8,0.75,0.6,0.0
247,Asia,Seoul,1892.0,85.4,1914.0,3.84,3.84,0.8,1.0,56.0,0.6,0.8,1.0,36.1,28.58,1.0,0.64,0.8,0.4,0.8,0.88,1.0,0.0
248,Asia,Daegu,1708.0,21.35,883.0,3.13,3.13,1.0,1.0,30.0,0.6,0.8,1.0,36.1,28.58,0.8,0.4,0.8,0.6,1.0,0.87,1.0,0.0
249,Asia,Busan,1716.0,21.35,1256.0,3.44,3.44,1.0,1.0,31.0,0.6,0.8,1.0,36.1,28.58,0.8,0.4,0.8,0.6,1.0,0.87,0.91,0.0
250,Asia,Jeju Island,1966.0,281.82,1463.0,2.99,2.99,0.4,1.0,99.0,0.6,0.8,1.0,36.1,28.58,1.0,0.64,0.96,0.45,0.8,0.84,0.6,0.0
251,Asia,Daejeon,1725.0,21.35,1317.0,3.63,3.63,1.0,1.0,37.0,0.6,0.8,1.0,36.1,28.58,0.8,0.4,0.8,0.6,0.6,0.82,0.6,0.0
252,Asia,Gwangju,1486.0,21.35,1628.0,3.23,3.23,1.0,1.0,27.0,0.6,0.8,1.0,36.1,28.58,0.8,0.4,0.8,0.6,0.6,0.82,0.6,0.0
253,Europe,Utrecht,3129.0,298.94,2759.0,5.38,5.38,0.8,0.8,37.0,1.0,1.0,1.0,28.2,8.76,1.0,1.0,1.0,0.8,0.8,0.9,0.8,1.0
254,Europe,Groningen,2761.0,107.53,2118.0,5.38,5.38,0.8,0.8,65.0,1.0,1.0,0.8,28.2,8.76,0.8,1.0,0.8,0.8,0.6,0.88,0.8,1.0
255,Europe,Rotterdam,3041.0,161.3,2527.0,5.38,5.38,0.8,0.8,50.0,1.0,1.0,0.6,28.2,8.76,0.6,0.8,0.8,0.8,0.6,0.84,0.8,1.0
256,Europe,Leiden,3469.0,188.18,2521.0,5.38,5.38,0.8,0.8,17.0,1.0,1.0,1.0,28.2,8.76,1.0,1.0,1.0,0.8,0.8,0.92,0.8,1.0
257,Europe,Eindhoven,3271.0,241.95,2658.0,5.38,5.38,0.8,0.8,59.0,1.0,1.0,1.0,28.2,8.76,1.0,1.0,0.8,0.8,0.6,0.89,0.6,1.0
258,Europe,The Hague,3006.0,258.08,2764.0,5.38,5.38,0.8,0.8,0.0,1.0,1.0,1.0,28.2,8.76,1.0,1.0,1.0,0.8,0.8,0.86,0.6,1.0
259,Europe,Nijmegen,2841.0,268.83,2063.0,5.38,5.38,0.4,0.8,36.0,1.0,1.0,0.8,28.2,8.76,0.0,0.6,0.8,0.8,0.6,0.8,0.6,1.0
260,Europe,Amsterdam,3314.0,258.08,3767.0,5.38,5.38,0.8,0.8,10.0,1.0,1.0,0.8,28.2,8.76,0.8,1.0,0.98,0.8,0.8,0.8,1.0,1.0
261,Europe,Haarlem,3480.0,188.18,3802.0,5.38,5.38,0.4,0.8,28.0,1.0,1.0,1.0,28.2,8.76,0.8,1.0,0.8,0.6,0.8,0.84,0.6,0.0
262,Europe,Tilburg,3376.0,333.22,2919.0,4.3,4.3,0.8,0.8,22.0,1.0,1.0,1.0,28.2,8.76,0.8,0.8,0.8,0.6,0.6,0.82,0.6,0.0
263,Europe,Leeuwarden,3518.0,327.97,2852.0,3.76,3.76,0.6,0.8,47.0,1.0,1.0,1.0,28.2,8.76,0.6,0.4,0.6,0.6,0.6,0.79,0.4,0.0
264,Europe,Lelystad,3455.0,327.97,3617.0,4.3,4.3,0.8,0.8,20.0,1.0,1.0,1.0,28.2,8.76,0.6,0.8,0.6,0.6,0.6,0.77,0.2,0.0
265,Europe,Deventer,3759.0,318.79,3033.0,4.3,4.3,0.6,0.8,41.0,1.0,1.0,1.0,28.2,8.76,0.6,0.8,0.6,0.6,0.4,0.78,0.2,0.0
266,Europe,Bern,2966.0,35.12,2590.0,4.01,4.01,0.8,1.0,48.0,0.8,1.0,1.0,21.8,11.76,1.0,1.0,1.0,0.6,0.8,0.89,0.6,1.0
267,Europe,Basel,3011.0,551.86,2969.0,4.01,4.01,0.8,0.6,41.0,0.8,1.0,1.0,21.8,11.76,1.0,0.6,0.8,0.6,0.6,0.85,0.4,1.0
268,Europe,Zurich,5354.0,551.86,4071.0,10.03,10.03,0.8,1.0,37.0,0.8,1.0,1.0,21.8,11.76,1.0,0.8,0.8,0.6,0.8,0.86,0.6,1.0
269,Europe,Geneva,5381.0,816.49,4407.0,10.03,10.03,0.8,0.6,25.0,0.8,1.0,1.0,21.8,11.76,0.8,0.8,1.0,0.6,0.8,0.87,0.6,0.0
270,Europe,Lugano,4727.0,70.24,3264.0,10.03,10.03,0.4,0.8,21.0,0.8,1.0,1.0,21.8,11.76,1.0,0.8,1.0,0.6,0.6,0.81,0.8,0.0
271,Europe,Interlaken,4669.0,528.82,5804.0,5.77,5.77,0.6,0.6,16.0,0.8,1.0,0.8,21.8,11.76,0.6,0.6,0.6,0.6,0.8,0.78,0.6,0.0
272,Europe,Lausanne,6154.0,1505.07,4702.0,10.03,10.03,0.4,0.4,20.0,0.8,1.0,1.0,21.8,11.76,0.8,0.8,0.8,0.6,0.6,0.78,0.6,0.0
273,Europe,Sliema,2623.0,204.31,1646.0,4.3,4.3,0.8,0.6,15.0,0.6,0.8,0.8,39.6,23.84,0.8,0.8,0.8,0.0,0.8,0.87,0.6,0.0
274,Americas,Sao Paulo,2582.0,250.55,1606.0,2.91,2.91,1.0,0.4,0.0,0.4,0.6,0.38,65.3,32.62,0.0,0.8,1.0,0.8,1.0,0.78,1.0,0.0
275,Americas,Belo Horizonte,1870.0,233.07,1152.0,1.46,1.46,0.8,0.4,12.0,0.4,0.6,0.48,65.3,32.62,0.4,0.6,0.82,0.8,0.42,0.73,0.6,0.0
276,Americas,Curitiba,1988.0,131.1,1075.0,2.62,2.62,0.8,0.4,8.0,0.4,0.6,0.6,65.3,32.62,0.4,0.6,0.8,0.8,0.6,0.68,1.0,0.0
277,Americas,Brasilia,2259.0,256.38,1372.0,2.91,2.91,0.4,0.6,13.0,0.4,0.6,0.6,65.3,32.62,0.4,0.4,1.0,0.8,0.6,0.7,0.2,0.0
278,Americas,Campinas,2031.0,84.49,1092.0,2.91,2.91,0.4,0.6,9.0,0.4,0.6,0.6,65.3,32.62,0.56,0.6,0.8,0.8,0.6,0.7,1.0,0.0
279,Americas,Florianopolis,2719.0,14.57,1432.0,2.91,2.91,0.4,0.2,0.0,0.4,0.6,0.6,65.3,32.62,0.4,0.8,1.0,0.8,1.0,0.72,0.6,0.0
280,Americas,Porto Alegre,1772.0,23.31,929.0,2.19,2.19,0.4,0.2,8.0,0.4,0.6,0.4,65.3,32.62,0.4,0.4,0.8,0.8,1.0,0.67,0.6,0.0
281,Americas,Goiania,1853.0,189.44,980.0,2.33,2.33,0.4,0.6,0.0,0.4,0.6,0.56,65.3,32.62,0.56,0.6,0.6,0.8,0.4,0.69,0.8,0.0
282,Americas,Vitoria,2215.0,203.94,1206.0,1.95,1.95,0.6,0.4,5.0,0.4,0.6,0.4,65.3,32.62,0.6,0.6,0.8,0.6,0.6,0.64,0.8,0.0
283,Americas,Rio de Janeiro,4017.0,288.42,2187.0,2.91,2.91,1.0,0.76,11.0,0.4,0.6,0.2,65.3,32.62,0.0,0.95,0.8,0.8,1.0,0.59,1.0,0.0
284,Americas,Fortaleza,2412.0,177.71,1254.0,2.19,2.19,0.4,0.6,7.0,0.4,0.6,0.62,65.3,32.62,0.6,0.6,0.8,0.8,0.82,0.69,1.0,0.0
285,Americas,Sorocaba,2650.0,203.94,1721.0,2.36,2.36,0.4,0.4,11.0,0.4,0.6,0.4,65.3,32.62,0.4,0.6,0.6,0.6,0.6,0.64,0.6,0.0
286,Americas,Sao Luis,2177.0,203.94,1214.0,2.16,2.16,0.4,0.6,5.0,0.4,0.6,0.4,65.3,32.62,0.4,0.8,0.6,0.6,0.6,0.62,0.6,0.0
287,Americas,São José dos Campos,3573.0,203.94,4613.0,2.36,2.36,0.4,0.6,5.0,0.4,0.6,0.4,65.3,32.62,0.4,0.8,0.6,0.6,0.6,0.61,0.6,0.0
288,Americas,Recife,2066.0,196.65,1245.0,2.19,2.19,0.8,0.4,5.0,0.4,0.6,0.2,65.3,32.62,0.0,0.6,0.8,0.8,1.0,0.53,1.0,0.0
289,Americas,Natal,1664.0,130.44,789.0,1.6,1.6,0.4,0.8,2.0,0.4,0.6,0.58,65.3,32.62,0.4,1.0,0.8,0.8,0.8,0.69,1.0,0.0
290,Americas,Belem,1913.0,203.94,1062.0,1.6,1.6,0.8,0.8,3.0,0.4,0.6,0.6,65.3,32.62,0.6,0.4,0.8,0.8,0.8,0.66,0.6,0.0
291,Americas,Joao Pessoa,1748.0,72.83,688.0,1.17,1.17,0.6,0.6,3.0,0.4,0.6,0.6,65.3,32.62,0.6,0.4,0.6,0.4,0.4,0.63,0.8,0.0
292,Europe,Bordeaux,2783.0,283.89,2035.0,5.38,5.38,0.8,0.62,197.0,0.6,0.8,1.0,34.5,23.83,0.8,0.8,0.8,0.6,0.64,0.86,0.6,0.0
293,Europe,Nice,3240.0,322.6,2204.0,5.38,5.38,0.8,1.0,12.0,0.6,0.8,1.0,34.5,23.83,0.8,1.0,0.8,0.6,0.98,0.85,1.0,0.0
294,Europe,Marseille,3247.0,290.34,2048.0,6.45,6.45,0.8,0.8,20.0,0.6,0.8,0.6,34.5,23.83,1.0,0.8,1.0,0.6,0.6,0.86,0.8,0.0
295,Europe,Toulouse,2168.0,129.04,1614.0,3.76,3.76,0.8,1.0,5.0,0.6,0.8,0.78,34.5,23.83,1.0,0.8,0.8,0.6,0.8,0.84,0.8,0.0
296,Europe,Lille,2927.0,150.55,1967.0,6.45,6.45,0.4,0.6,14.0,0.6,0.8,0.93,34.5,23.83,1.0,0.78,0.8,0.6,1.0,0.84,0.8,0.0
297,Europe,Lyon,3036.0,161.3,2318.0,6.45,6.45,0.8,0.6,8.0,0.6,0.8,0.8,34.5,23.83,0.8,0.8,0.8,0.6,0.8,0.82,0.6,0.0
298,Europe,Nantes,2124.0,16.13,1346.0,4.3,4.3,0.4,0.4,36.0,0.6,0.8,0.8,34.5,23.83,0.8,0.8,0.8,0.6,0.6,0.81,0.42,0.0
299,Europe,Paris,3944.0,322.6,2806.0,8.06,8.06,0.8,0.6,15.0,0.6,0.8,0.6,34.5,23.83,0.8,0.82,0.64,0.8,0.8,0.81,1.0,0.0
300,Europe,Grenoble,2827.0,215.07,1784.0,6.45,6.45,0.4,1.0,27.0,0.6,0.8,0.6,34.5,23.83,0.8,0.8,0.8,0.6,0.6,0.8,1.0,0.0
301,Europe,Strasbourg,3109.0,326.9,2393.0,5.38,5.38,0.4,0.8,45.0,0.6,0.8,0.8,34.5,23.83,0.6,0.6,0.6,0.6,0.6,0.78,0.6,0.0
302,Europe,Annecy,3482.0,305.39,2182.0,4.84,4.84,0.4,0.6,12.0,0.6,0.8,0.8,34.5,23.83,0.6,0.6,0.4,0.6,0.6,0.75,0.6,0.0
303,Europe,Milan,3681.0,268.83,2821.0,8.6,8.6,1.0,0.6,77.0,0.6,0.8,0.8,43.1,28.93,0.6,0.2,0.8,0.4,0.6,0.83,1.0,0.0
304,Europe,Florence,3161.0,204.31,2330.0,6.45,6.45,0.8,0.6,14.0,0.6,0.8,0.8,43.1,28.93,0.8,0.8,1.0,0.4,1.0,0.83,1.0,0.0
305,Europe,Turin,3500.0,268.83,2256.0,8.6,8.6,0.8,0.2,29.0,0.6,0.8,0.8,43.1,28.93,0.6,0.2,0.8,0.4,0.8,0.79,0.4,0.0
306,Europe,Pisa,2281.0,268.83,1826.0,3.49,3.49,1.0,1.0,19.0,0.6,0.8,0.8,43.1,28.93,0.8,0.6,0.6,0.4,0.8,0.75,0.8,0.0
307,Europe,Padova,2077.0,215.07,1548.0,2.96,2.96,0.4,1.0,13.0,0.6,0.8,0.8,43.1,28.93,0.8,0.8,0.8,0.4,0.8,0.76,1.0,0.0
308,Europe,Genoa,2342.0,127.96,1808.0,4.3,4.3,0.4,0.6,12.0,0.6,0.8,0.8,43.1,28.93,0.8,1.0,1.0,0.45,0.8,0.77,1.0,0.0
309,Europe,Rome,3972.0,645.2,3384.0,8.06,8.06,0.8,0.2,10.0,0.6,0.8,0.6,43.1,28.93,0.6,0.2,0.8,0.4,1.0,0.76,0.6,0.0
310,Europe,Bologna,1893.0,268.83,1762.0,2.69,2.69,0.4,1.0,13.0,0.6,0.8,0.6,43.1,28.93,0.6,0.6,1.0,0.4,0.6,0.72,0.6,0.0
311,Europe,Monza,3037.0,190.23,2133.0,5.38,5.38,0.8,0.6,11.0,0.6,0.8,0.8,43.1,28.93,0.6,0.4,0.6,0.6,0.6,0.77,0.6,0.0
312,Europe,Trento,2115.0,107.53,2417.0,3.76,3.76,0.8,0.8,16.0,0.6,0.8,0.8,43.1,28.93,1.0,0.6,0.8,0.4,0.8,0.75,0.6,0.0
313,Europe,Modena,3325.0,547.06,2526.0,6.72,6.72,0.8,0.6,15.0,0.6,0.8,1.0,43.1,28.93,0.8,0.8,1.0,0.4,0.8,0.76,0.6,0.0
314,Europe,Como,2334.0,193.56,1785.0,2.69,2.69,0.6,0.6,12.0,0.6,0.8,0.8,43.1,28.93,0.6,0.4,0.8,0.4,0.6,0.72,0.6,0.0
315,Europe,Naples,3819.0,655.95,2860.0,8.06,8.06,0.4,0.4,22.0,0.6,0.8,0.6,43.1,28.93,0.6,0.2,0.8,0.4,0.8,0.75,0.4,0.0
316,Europe,Trieste,2212.0,241.95,2488.0,3.23,3.23,0.4,1.0,12.0,0.6,0.8,0.8,43.1,28.93,1.0,0.4,0.8,0.4,0.6,0.73,0.6,0.0
317,Europe,Venice,5336.0,1451.69,4094.0,8.06,8.06,0.4,0.8,14.0,0.6,0.8,0.8,43.1,28.93,1.0,0.8,1.0,0.4,1.0,0.81,0.8,0.0
318,Europe,Treviso,1925.0,161.3,2489.0,3.23,3.23,0.4,1.0,6.0,0.6,0.8,0.6,43.1,28.93,0.8,0.4,0.6,0.4,0.8,0.71,0.8,0.0
319,Europe,Verona,3035.0,160.22,2107.0,6.45,6.45,0.4,0.8,13.0,0.6,0.8,0.8,43.1,28.93,0.0,0.4,0.8,0.4,0.6,0.72,0.4,0.0
320,Europe,Palermo,2492.0,170.55,1468.0,3.23,3.23,0.4,0.6,14.0,0.6,0.8,0.8,43.1,28.93,0.6,0.4,0.6,0.6,0.4,0.74,0.6,0.0
321,Europe,Avellino,1833.0,219.09,1161.0,2.69,2.69,0.4,0.2,15.0,0.6,0.8,0.6,43.1,28.93,0.6,0.4,0.8,0.4,0.4,0.7,0.4,0.0
322,Europe,Rimini,2916.0,217.78,1947.0,4.57,4.57,0.6,0.6,13.0,0.6,0.8,0.8,43.1,28.93,0.6,0.4,0.8,0.6,0.6,0.74,0.6,0.0
323,Europe,Lucca,3350.0,170.55,2115.0,4.84,4.84,0.6,0.6,17.0,0.6,0.8,0.8,43.1,28.93,0.6,0.4,0.6,0.6,0.6,0.74,0.6,0.0
324,Europe,Cagliari,3052.0,158.74,1836.0,4.3,4.3,0.6,0.6,0.0,0.6,0.8,0.8,43.1,28.93,0.6,0.4,0.6,0.6,0.6,0.73,0.6,0.0
325,Europe,Ferrara,3528.0,275.5,2167.0,5.91,5.91,0.6,0.6,12.0,0.6,0.8,0.6,43.1,28.93,0.6,0.4,0.6,0.6,0.0,0.72,0.6,0.0
326,Europe,Vienna,2615.0,182.81,2052.0,4.84,4.84,0.8,1.0,36.0,0.8,1.0,1.0,27.5,13.18,1.0,0.62,0.8,0.6,0.62,0.85,0.76,0.0
327,Europe,Salzburg,2595.0,309.69,2071.0,3.76,3.76,0.6,0.6,14.0,0.8,1.0,0.8,27.5,13.18,1.0,0.6,0.8,0.6,0.6,0.76,0.4,0.0
328,Europe,Graz,2524.0,268.83,1670.0,4.3,4.3,0.4,0.6,17.0,0.8,1.0,0.8,27.5,13.18,1.0,0.8,1.0,0.6,0.6,0.8,0.6,0.0
329,Asia,Tel Aviv,5317.0,148.17,2790.0,5.2,5.2,0.8,0.62,15.0,0.4,0.9055485622824465,0.8,40.967346267449514,32.58,1.0,1.0,0.82,0.8,1.0,0.93,1.0,0.0
330,Asia,Jerusalem,5587.0,298.95,2675.0,7.8,7.8,0.4,0.6,23.0,0.4,0.7364306981134732,0.6,67.75284792242935,32.58,1.0,1.0,0.6,0.8,0.6,0.82,1.0,0.0
331,Asia,Haifa,4957.0,528.68,2578.0,6.5,6.5,0.6,0.6,12.0,0.4,0.7681352414495038,0.6,58.526978876174006,32.58,0.8,0.6,0.6,0.8,0.8,0.81,0.6,0.0
332,Asia,Beersheba,4764.0,433.54,1971.0,5.33,5.33,0.6,0.4,11.0,0.4,0.6964093039357934,0.6,56.829605952636825,32.58,0.8,0.6,0.6,0.8,0.6,0.79,0.4,0.0
333,Europe,Bristol,3461.0,224.55,2339.0,4.37,4.37,0.8,0.42,0.0,0.6,0.8,1.0,32.4,21.7,1.0,1.0,1.0,1.0,1.0,0.89,0.8,0.0
334,Europe,Liverpool,2715.0,187.13,2356.0,4.37,4.37,0.8,0.6,0.0,0.6,0.8,1.0,32.4,21.7,0.8,0.6,1.0,1.0,0.8,0.86,0.78,0.0
335,Europe,Manchester,2857.0,249.5,2426.0,4.37,4.37,0.8,0.6,0.0,0.6,0.8,0.6,32.4,21.7,0.8,0.8,0.8,1.0,0.8,0.84,1.0,0.0
336,Europe,Nottingham,2687.0,311.88,2555.0,4.37,4.37,0.8,0.6,0.0,0.6,0.8,0.6,32.4,21.7,1.0,0.8,0.8,1.0,0.6,0.83,0.8,0.0
337,Europe,London,3020.0,249.5,3569.0,6.24,6.24,0.8,0.44,14.0,0.6,0.8,0.6,32.4,21.7,0.8,0.82,0.8,1.0,1.0,0.82,1.0,0.0
338,Europe,Edinburgh,3238.0,99.8,2769.0,4.37,4.37,0.8,0.4,0.0,0.6,0.8,1.0,32.4,21.7,1.0,0.8,0.8,1.0,0.6,0.84,1.0,0.0
339,Europe,Brighton,3273.0,248.26,2894.0,4.37,4.37,0.8,0.8,0.0,0.6,0.8,0.8,32.4,21.7,0.0,0.8,0.8,1.0,0.6,0.84,0.8,0.0
340,Europe,Cambridge,2874.0,324.36,3268.0,4.37,4.37,0.8,0.4,0.0,0.6,0.8,1.0,32.4,21.7,0.8,0.8,1.0,1.0,0.4,0.82,0.4,0.0
341,Europe,Glasgow,2720.0,37.43,2234.0,4.37,4.37,0.8,0.4,0.0,0.6,0.8,1.0,32.4,21.7,1.0,0.8,1.0,1.0,0.8,0.86,0.8,0.0
342,Europe,Newcastle Upon Tyne,2855.0,124.75,3133.0,4.37,4.37,0.8,1.0,0.0,0.6,0.8,0.8,32.4,21.7,0.82,1.0,1.0,1.0,0.62,0.8,1.0,0.0
343,Europe,Birmingham,3367.0,342.44,2392.0,4.37,4.37,0.8,0.6,0.0,0.6,0.8,1.0,32.4,21.7,1.0,1.0,0.8,1.0,0.8,0.88,0.4,0.0
344,Europe,Leeds,3012.0,187.13,2605.0,4.37,4.37,0.4,0.6,0.0,0.6,0.8,0.8,32.4,21.7,0.8,0.6,1.0,1.0,1.0,0.83,0.8,0.0
345,Europe,Leicester,2635.0,37.43,1827.0,4.37,4.37,0.4,0.6,0.0,0.6,0.8,0.8,32.4,21.7,0.8,0.6,1.0,1.0,0.93,0.79,0.8,0.0
346,Europe,Bournemouth,2863.0,299.4,2813.0,4.37,4.37,0.4,0.6,0.0,0.6,0.8,1.0,32.4,21.7,1.0,0.8,1.0,1.0,0.6,0.81,0.8,0.0
347,Europe,Oxford,3686.0,280.69,3011.0,4.37,4.37,0.4,1.0,0.0,0.6,0.8,0.6,32.4,21.7,1.0,1.0,1.0,1.0,0.8,0.82,0.8,0.0
348,Europe,Norwich,3178.0,124.75,2420.0,4.37,4.37,0.4,0.6,0.0,0.6,0.8,0.8,32.4,21.7,0.8,1.0,0.8,1.0,0.6,0.79,0.8,0.0
349,Europe,Cardiff,3178.0,274.45,2659.0,4.37,4.37,0.4,1.0,0.0,0.6,0.8,0.6,32.4,21.7,0.8,0.6,1.0,1.0,0.6,0.78,0.6,0.0
350,Europe,Belfast,2655.0,185.88,1971.0,4.37,4.37,0.4,0.4,0.0,0.6,0.8,0.6,32.4,21.7,0.8,0.8,0.6,1.0,0.4,0.75,0.6,0.0
351,Europe,Southampton,3539.0,342.44,2871.0,4.37,4.37,0.6,0.6,0.0,0.6,0.8,0.8,32.4,21.7,0.8,0.8,0.8,1.0,0.8,0.81,1.0,0.0
352,Europe,Aberdeen,3159.0,343.07,2514.0,4.37,4.37,0.4,0.6,0.0,0.6,0.8,0.8,32.4,21.7,1.0,0.8,0.8,1.0,0.6,0.79,0.6,0.0
353,Europe,Northampton,3130.0,342.44,2299.0,4.37,4.37,0.8,0.6,0.0,0.6,0.8,0.6,32.4,21.7,1.0,1.0,0.8,1.0,0.4,0.78,1.0,0.0
354,Europe,Reading,3212.0,124.75,2868.0,4.37,4.37,0.4,0.6,0.0,0.6,0.8,0.6,32.4,21.7,0.6,0.8,0.6,1.0,0.6,0.76,0.8,0.0
355,Europe,Coventry,3082.0,342.44,2088.0,4.37,4.37,0.6,0.6,0.0,0.6,0.8,1.0,32.4,21.7,1.0,0.8,0.6,1.0,0.4,0.78,0.6,0.0
356,Europe,Cheltenham,3379.0,420.41,2792.0,4.74,4.74,0.4,0.8,0.0,0.6,0.8,0.8,32.4,21.7,0.6,0.6,0.6,0.6,0.6,0.77,0.6,0.0
357,Europe,Portsmouth,3371.0,410.93,3629.0,4.63,4.63,0.6,0.6,10.0,0.6,0.8,1.0,32.4,21.7,0.8,0.6,0.8,0.6,0.6,0.78,0.6,0.0
358,Europe,Hama,1702.0,74.19,3810.0,0.83,0.83,0.4,0.2,5.0,0.2,0.2,0.2,110.8,81.35,0.2,0.2,0.2,0.4,0.2,0.02,0.2,0.0
359,Europe,Athens,2720.0,209.69,1556.0,5.91,5.91,0.8,0.8,8.0,0.4,0.8,0.8,55.9,30.35,0.6,0.6,0.8,0.8,1.0,0.81,0.8,0.0
360,Europe,Thessaloniki,1656.0,107.53,1054.0,2.69,2.69,0.4,0.6,0.0,0.4,0.8,0.8,55.9,30.35,0.8,0.8,0.8,0.4,0.6,0.75,1.0,0.0
361,Europe,Patras,1937.0,262.38,1152.0,3.23,3.23,0.4,0.4,9.0,0.4,0.8,0.8,55.9,30.35,0.8,0.6,0.6,0.4,0.6,0.73,1.0,0.0
362,Europe,Rethymno,2409.0,219.09,1349.0,2.69,2.69,1.0,1.0,0.0,0.4,0.8,0.8,55.9,30.35,0.6,0.6,1.0,0.4,0.4,0.75,1.0,0.0
363,Europe,Chania,3156.0,481.47,1978.0,5.91,5.91,0.4,0.4,0.0,0.4,0.8,0.8,55.9,30.35,0.6,0.6,0.8,0.4,0.6,0.74,1.0,0.0
364,Europe,Santorini,4749.0,436.86,2632.0,4.3,4.3,0.6,0.6,0.0,0.4,0.8,0.8,55.9,30.35,0.6,0.4,0.6,0.6,0.8,0.75,0.8,0.0
365,Americas,Panama City,3523.0,300.0,2834.0,3.5,3.5,0.8,1.0,15.0,0.4,0.8,1.0,53.2,30.59,0.6,0.6,1.0,0.8,0.6,0.81,0.8,0.0
366,Americas,Puerto Viejo,2373.0,451.95,1782.0,3.62,3.62,0.4,0.8,5.0,0.8,0.8,0.6,45.1,11.1,0.6,0.8,0.8,0.8,1.0,0.77,0.6,0.0
367,Americas,Bocas del Toro,3095.0,244.0,1622.0,1.0,1.0,0.6,0.8,4.0,0.4,0.8,0.6,53.2,30.59,0.6,0.8,0.6,0.8,1.0,0.74,0.8,0.0
368,Asia,Fukuoka,1998.0,92.52,1654.0,5.56,5.56,1.0,0.6,37.0,0.6,0.8,1.0,35.1,28.67,0.8,0.6,0.8,0.6,0.8,0.85,0.8,0.0
369,Asia,Nagoya,2170.0,92.52,2092.0,6.62,6.62,1.0,0.6,15.0,0.6,0.8,1.0,35.1,28.67,0.8,0.6,0.8,0.6,0.8,0.83,0.6,0.0
370,Asia,Osaka,2127.0,92.52,1728.0,3.7,3.7,0.8,1.0,10.0,0.6,0.8,1.0,35.1,28.67,0.8,0.6,0.8,0.6,0.6,0.81,0.8,0.0
371,Asia,Hiroshima,2258.0,92.52,1684.0,6.62,6.62,0.4,0.6,27.0,0.6,0.8,0.8,35.1,28.67,0.8,0.6,0.8,0.6,0.6,0.82,0.8,0.0
372,Asia,Yokohama,2062.0,92.52,2160.0,5.24,5.24,0.4,0.8,12.0,0.6,0.8,1.0,35.1,28.67,0.6,0.4,0.6,0.6,0.8,0.81,0.6,0.0
373,Asia,Sendai,2082.0,92.52,1602.0,6.62,6.62,0.6,0.8,24.0,0.6,0.8,1.0,35.1,28.67,0.6,0.6,0.4,0.6,0.6,0.79,0.4,0.0
374,Asia,Sapporo,2250.0,92.52,1709.0,5.53,5.53,0.8,0.8,24.0,0.6,0.8,1.0,35.1,28.67,0.6,0.6,0.6,0.6,0.8,0.82,0.6,0.0
375,Asia,Kitakyushu,2105.0,92.52,2166.0,5.05,5.05,0.8,0.6,12.0,0.6,0.8,1.0,35.1,28.67,0.8,0.6,0.8,0.6,0.6,0.81,0.6,0.0
376,Asia,Tokyo,2541.0,508.87,2934.0,2.78,2.78,1.0,0.4,1.0,0.6,0.8,1.0,35.1,28.67,0.8,0.6,0.8,0.2,1.0,0.89,1.0,0.0
377,Asia,Naha,2216.0,92.52,2245.0,6.62,6.62,1.0,0.4,13.0,0.6,0.8,1.0,35.1,28.67,0.8,0.6,0.6,0.6,0.6,0.8,0.4,0.0
378,Asia,Kyoto,2724.0,462.8,2257.0,4.63,4.63,0.4,0.8,4.0,0.6,0.8,1.0,35.1,28.67,0.8,0.6,0.8,0.8,1.0,0.81,1.0,0.0
379,Europe,Cluj,1886.0,157.93,1055.0,1.79,1.79,0.8,0.6,38.0,0.6,0.8,0.6,52.9,24.29,0.6,0.2,1.0,0.4,0.6,0.79,0.93,1.0
380,Europe,Timisoara,2208.0,152.46,1059.0,2.02,2.02,0.4,0.6,36.0,0.6,0.8,0.8,52.9,24.29,0.64,0.2,0.82,0.42,0.4,0.73,1.0,1.0
381,Europe,Bucharest,2235.0,119.11,1112.0,2.98,2.98,0.4,0.27,54.0,0.6,0.8,0.62,52.9,24.29,0.6,0.2,0.6,0.38,0.45,0.71,0.8,1.0
382,Europe,Brasov,1974.0,83.37,1158.0,1.79,1.79,0.4,0.64,18.0,0.6,0.8,0.62,52.9,24.29,0.64,0.2,0.64,0.4,0.45,0.71,0.6,1.0
383,Europe,Craiova,1733.0,145.31,792.0,1.79,1.79,0.6,0.6,23.0,0.6,0.8,0.6,52.9,24.29,0.6,0.4,0.6,0.4,0.4,0.73,0.6,1.0
384,Europe,Iasi,1738.0,145.31,936.0,1.79,1.79,0.4,0.4,34.0,0.6,0.8,0.6,52.9,24.29,0.6,0.4,0.6,0.4,0.6,0.73,0.6,1.0
385,Europe,Ploiesti,1921.0,145.31,860.0,1.79,1.79,1.0,1.0,42.0,0.6,0.8,0.8,52.9,24.29,0.6,0.2,1.0,0.4,0.4,0.75,0.4,1.0
386,Europe,Constanta,1919.0,96.78,917.0,1.19,1.19,0.4,0.6,7.0,0.6,0.8,0.6,52.9,24.29,0.6,0.4,0.6,0.4,1.0,0.74,0.6,1.0
387,Europe,Oslo,3178.0,235.14,2654.0,4.14,4.14,0.8,0.6,13.0,1.0,1.0,0.8,21.2,8.79,0.6,0.8,0.8,0.8,0.8,0.84,0.6,0.0
388,Europe,Trondheim,3139.0,212.69,2776.0,5.32,5.32,0.4,0.6,15.0,1.0,1.0,1.0,21.2,8.79,0.8,0.6,0.8,0.8,0.8,0.82,0.8,0.0
389,Europe,Aalesund,3735.0,480.48,2920.0,5.91,5.91,0.6,0.0,32.0,1.0,1.0,1.0,21.2,8.79,1.0,1.0,0.8,0.8,0.6,0.82,0.6,0.0
390,Europe,Tromso,3325.0,235.14,3683.0,5.91,5.91,0.4,0.6,0.0,1.0,1.0,1.0,21.2,8.79,0.8,0.6,0.8,0.8,0.8,0.79,0.8,0.0
391,Europe,Bergen,4745.0,663.13,3364.0,8.15,8.15,0.8,0.8,22.0,1.0,1.0,1.0,21.2,8.79,1.0,0.8,0.8,0.8,0.8,0.84,0.6,0.0
392,Americas,Playa del Carmen,1734.0,177.31,1988.0,1.69,1.69,0.8,0.2,0.0,0.2,0.6,0.8,70.4,49.33,0.6,0.6,1.0,0.0,1.0,0.74,1.0,0.0
393,Americas,Mexico City,1510.0,266.01,1418.0,1.93,1.93,0.8,0.4,0.0,0.2,0.6,0.42,70.4,49.33,0.6,0.6,0.8,0.0,0.8,0.72,1.0,0.0
394,Americas,Cancun,1275.0,77.34,1080.0,1.52,1.52,0.4,1.0,0.0,0.2,0.6,0.8,70.4,49.33,0.6,0.4,0.8,0.0,1.0,0.76,1.0,0.0
395,Americas,Guadalajara,1958.0,217.65,1034.0,1.93,1.93,0.4,0.0,13.0,0.2,0.6,0.24,70.4,49.33,0.6,0.6,0.8,0.0,0.6,0.72,1.0,0.0
396,Americas,Tijuana,1290.0,78.64,1101.0,0.97,0.97,0.4,0.4,7.0,0.2,0.6,0.4,70.4,49.33,0.6,0.6,0.6,0.0,1.0,0.66,1.0,0.0
397,Americas,Monterrey,2041.0,116.08,889.0,1.81,1.81,0.6,0.4,11.0,0.2,0.6,0.6,70.4,49.33,0.6,0.4,1.0,0.0,0.6,0.72,0.6,0.0
398,Americas,Queretaro,1716.0,118.01,818.0,1.45,1.45,0.4,0.6,0.0,0.2,0.6,0.8,70.4,49.33,0.6,0.6,1.0,0.0,0.8,0.72,0.76,0.0
399,Americas,Puerto Vallarta,1611.0,98.38,1412.0,1.21,1.21,0.4,0.6,0.0,0.2,0.6,0.82,70.4,49.33,0.62,0.8,1.0,0.0,0.8,0.74,1.0,0.0
400,Americas,Hermosillo,1621.0,304.7,839.0,1.21,1.21,0.4,0.6,9.0,0.2,0.6,0.8,70.4,49.33,0.6,0.6,1.0,0.0,0.6,0.7,0.6,0.0
401,Americas,San Miguel de Allende,2345.0,1041.36,2292.0,1.21,1.21,0.8,0.6,0.0,0.2,0.6,0.8,70.4,49.33,0.6,0.6,1.0,0.0,0.6,0.71,0.6,0.0
402,Americas,Merida,1671.0,31.44,712.0,2.18,2.18,0.4,0.8,0.0,0.2,0.6,0.62,70.4,49.33,0.6,0.4,0.8,0.0,0.6,0.7,0.4,0.0
403,Americas,Toluca,2028.0,300.16,1190.0,1.82,1.82,0.4,0.4,23.0,0.2,0.6,0.4,70.4,49.33,0.4,0.4,0.4,0.6,0.6,0.62,0.6,0.0
404,Americas,Puebla,1266.0,245.17,941.0,1.87,1.87,0.4,0.4,5.0,0.2,0.6,0.4,70.4,49.33,0.6,0.2,0.6,0.6,0.6,0.63,0.6,0.0
405,Americas,Tulum,2068.0,219.15,3304.0,0.97,0.97,0.4,0.4,5.0,0.2,0.6,0.4,70.4,49.33,0.4,0.4,0.4,0.6,0.6,0.6,0.6,0.0
406,Americas,Oaxaca,1545.0,87.06,713.0,1.93,1.93,0.4,0.0,3.0,0.2,0.6,0.8,70.4,49.33,0.6,0.6,1.0,0.0,0.6,0.68,0.6,0.0
407,Americas,Juarez,1571.0,246.82,1225.0,1.47,1.47,0.2,0.4,16.0,0.2,0.6,0.2,70.4,49.33,0.2,0.2,0.2,0.4,0.2,0.4,0.2,0.0
408,Americas,Aguascalientes,1724.0,24.18,833.0,1.45,1.45,0.4,0.4,5.0,0.2,0.6,0.2,70.4,49.33,0.6,0.6,0.8,0.6,0.4,0.43,0.4,0.0
409,Americas,Torreon,1511.0,223.57,656.0,1.55,1.55,0.4,0.4,0.0,0.2,0.6,0.2,70.4,49.33,0.4,0.4,0.4,0.6,0.6,0.45,0.6,0.0
410,Americas,San Luis Potosi,1846.0,223.04,882.0,1.67,1.67,0.4,0.6,3.0,0.2,0.6,0.4,70.4,49.33,0.45,0.2,0.6,0.6,0.4,0.59,0.62,0.0
411,Asia,Singapore,3765.0,212.16,3359.0,2.38,2.38,0.6,0.6,55.0,0.2,0.8,1.0,32.9,52.96,1.0,0.4,0.62,0.8,0.8,0.86,1.0,0.0
412,Europe,Warsaw,2128.0,121.7,1213.0,2.43,2.43,0.8,0.6,21.0,0.6,0.8,0.62,40.7,23.89,0.4,0.42,0.8,0.4,1.0,0.8,1.0,0.0
413,Europe,Wrocław,2478.0,121.7,1502.0,2.43,2.43,0.8,0.6,30.0,0.6,0.8,0.6,40.7,23.89,0.42,0.4,0.8,0.4,0.6,0.77,0.6,0.0
414,Europe,Kraków,2208.0,48.68,1121.0,2.43,2.43,0.8,0.6,0.0,0.6,0.8,0.64,40.7,23.89,0.44,0.4,0.6,0.4,1.0,0.76,0.6,0.0
415,Europe,Szczecin,2198.0,119.27,1148.0,2.56,2.56,0.4,0.8,27.0,0.6,0.8,0.8,40.7,23.89,0.8,0.6,0.6,0.4,0.42,0.76,0.6,0.0
416,Europe,Lublin,1929.0,121.7,1108.0,1.83,1.83,0.4,0.44,25.0,0.6,0.8,1.0,40.7,23.89,0.8,0.6,0.6,0.4,0.6,0.76,0.6,0.0
417,Europe,Gdansk,2160.0,148.48,1112.0,1.83,1.83,0.4,1.0,30.0,0.6,0.8,1.0,40.7,23.89,0.82,0.6,1.0,0.4,0.8,0.79,0.8,0.0
418,Europe,Poznan,1957.0,146.04,1110.0,2.43,2.43,0.4,0.6,12.0,0.6,0.8,0.6,40.7,23.89,0.4,0.4,0.6,0.4,0.6,0.67,0.4,0.0
419,Europe,Lodz,1621.0,94.93,879.0,2.43,2.43,0.4,0.0,21.0,0.6,0.8,0.8,40.7,23.89,0.4,0.4,0.8,0.4,0.8,0.7,0.4,0.0
420,Europe,Katowice,1515.0,98.89,773.0,1.22,1.22,0.6,0.6,8.0,0.6,0.8,0.6,40.7,23.89,0.4,0.6,0.8,0.4,0.6,0.69,0.6,0.0
421,Europe,Riga,1519.0,76.35,1219.0,2.69,2.69,0.8,0.6,28.0,0.8,0.8,0.6,47.4,17.38,0.6,0.6,0.6,0.0,0.6,0.75,0.44,0.0
422,Europe,Tallinn,2054.0,129.04,1393.0,1.08,1.08,0.8,1.0,13.0,0.8,0.8,0.8,43.4,14.31,1.0,0.8,1.0,1.0,0.62,0.8,0.8,0.0
423,Europe,Tartu,1779.0,129.04,1049.0,1.08,1.08,0.4,1.0,24.0,0.8,0.8,1.0,43.4,14.31,1.0,0.8,1.0,1.0,0.4,0.76,0.4,0.0
424,Americas,Montevideo,2327.0,88.48,1580.0,5.31,5.31,0.8,0.4,7.0,0.8,0.8,0.6,36.2,15.88,0.8,0.93,0.6,0.8,0.6,0.79,0.4,1.0
425,Americas,Punta del Este,3518.0,366.99,7940.0,2.83,2.83,0.4,0.4,3.0,0.8,0.8,0.6,36.2,15.88,0.4,0.4,0.6,0.4,0.6,0.7,0.4,0.0
426,Europe,Kiev,1120.0,116.26,1232.0,2.42,2.42,1.0,0.6,16.0,0.4,0.4,0.4,75.5,32.93,0.2,0.2,0.6,0.38,0.62,0.64,0.6,0.0
427,Europe,Lviv,543.0,62.01,705.0,0.78,0.78,0.8,0.6,13.0,0.4,0.4,0.4,75.5,32.93,0.2,0.2,1.0,0.4,0.6,0.62,0.4,0.0
428,Europe,Kharkiv,942.0,34.88,569.0,1.36,1.36,0.4,0.2,15.0,0.4,0.4,0.4,75.5,32.93,0.2,0.2,0.6,0.4,0.4,0.56,0.6,0.0
429,Europe,Ivano-Frankivsk,808.0,77.51,479.0,1.16,1.16,0.6,0.6,0.0,0.4,0.4,0.4,75.5,32.93,0.25,0.2,0.8,0.4,0.4,0.58,0.6,0.0
430,Europe,Krivoy-Rog,821.0,15.5,530.0,1.36,1.36,0.4,0.4,9.0,0.4,0.4,0.4,75.5,32.93,0.2,0.2,0.8,0.4,0.4,0.54,0.4,0.0
431,Europe,Odesa,1337.0,46.5,811.0,1.94,1.94,0.8,0.6,10.0,0.4,0.4,0.2,75.5,32.93,0.4,0.2,0.8,0.4,0.4,0.45,0.8,0.0
432,Asia,Macau,2855.0,349.25,2029.0,2.58,2.58,0.4,0.6,23.0,0.4493177391294531,0.6424297693446573,0.6,51.04918474750884,33.95024793087276,0.6,0.4,0.6,0.0,1.0,0.81,0.6,0.0
433,Europe,Skopje,1206.0,142.21,809.0,1.75,1.75,0.8,0.0,15.0,0.4,0.6,0.6,67.0,36.09,0.4,0.4,0.6,0.0,0.6,0.69,0.4,0.0
434,Asia,Shanghai,2147.0,145.84,1687.0,2.92,2.92,0.8,0.8,6.0,0.2,0.6,0.82,74.9,80.96,1.0,0.38,1.0,0.8,1.0,0.76,0.96,0.0
435,Asia,Anyang,1114.0,72.92,1153.0,3.15,3.15,0.4,0.4,43.0,0.2,0.6,0.6,74.9,80.96,0.6,0.6,0.6,0.2,0.6,0.7,0.6,0.0
436,Asia,Zhongshan,1711.0,525.23,1560.0,0.0,0.0,0.4,0.4,78.0,0.2,0.6,0.6,74.9,80.96,0.6,0.4,0.4,0.2,0.4,0.69,0.4,0.0
437,Asia,Shenzhen,1581.0,291.68,1463.0,2.19,2.19,0.4,0.6,18.0,0.2,0.6,0.6,74.9,80.96,0.6,0.2,0.6,0.4,0.4,0.66,0.6,0.0
438,Asia,Hangzhou,1595.0,118.67,1890.0,1.46,1.46,0.8,1.0,20.0,0.2,0.6,0.6,74.9,80.96,0.8,0.6,0.8,0.4,0.4,0.66,0.6,0.0
439,Asia,Dongguan,1942.0,72.92,1120.0,4.79,4.79,0.4,0.4,5.0,0.2,0.6,0.6,74.9,80.96,0.6,0.6,0.6,0.2,0.4,0.66,0.6,0.0
440,Asia,Zibo,1226.0,481.28,1621.0,1.57,1.57,0.4,0.4,18.0,0.2,0.6,0.6,74.9,80.96,0.6,0.4,0.4,0.2,0.4,0.65,0.4,0.0
441,Asia,Nanyang,387.0,59.25,433.0,0.73,0.73,0.6,0.4,13.0,0.2,0.6,0.8,74.9,80.96,0.8,0.4,0.4,0.4,0.4,0.63,0.6,0.0
442,Asia,Zhoukou,519.0,88.96,719.0,1.09,1.09,0.4,0.4,0.0,0.2,0.6,0.8,74.9,80.96,0.8,0.4,0.6,0.4,0.6,0.65,0.6,0.0
443,Asia,Nanjing,1912.0,88.96,722.0,1.09,1.09,0.6,0.6,6.0,0.2,0.6,0.8,74.9,80.96,0.8,0.6,0.8,0.4,0.8,0.69,0.8,0.0
444,Asia,Weifang,1058.0,88.96,613.0,1.09,1.09,0.4,0.4,0.0,0.2,0.6,0.8,74.9,80.96,0.8,0.4,0.6,0.4,0.4,0.64,0.6,0.0
445,Asia,Urumqi,1730.0,72.92,1666.0,4.73,4.73,0.4,0.4,0.0,0.2,0.6,0.6,74.9,80.96,0.6,0.4,0.4,0.2,0.4,0.64,0.4,0.0
446,Asia,Shijiazhuang,1129.0,88.96,625.0,1.09,1.09,0.4,0.4,25.0,0.2,0.6,0.8,74.9,80.96,0.8,0.4,0.6,0.4,0.6,0.63,0.4,0.0
447,Asia,Dalian,1547.0,148.21,1107.0,1.82,1.82,0.6,0.4,6.0,0.2,0.6,0.6,74.9,80.96,0.6,0.2,0.8,0.4,0.6,0.63,0.4,0.0
448,Asia,Chaoyang,1651.0,72.92,2513.0,3.15,3.15,0.8,0.4,3.0,0.2,0.6,0.6,74.9,80.96,0.6,0.6,0.6,0.2,0.4,0.68,0.6,0.0
449,Asia,Kunming,1146.0,72.92,1568.0,3.15,3.15,0.4,0.4,4.0,0.2,0.6,0.6,74.9,80.96,0.6,0.4,0.6,0.4,0.4,0.63,0.2,0.0
450,Asia,Haikou,1732.0,72.92,2800.0,1.26,1.26,0.4,0.4,4.0,0.2,0.6,0.6,74.9,80.96,0.6,0.6,0.6,0.2,0.8,0.68,0.6,0.0
451,Asia,Fuzhou,2163.0,72.92,944.0,4.1,4.1,0.4,0.4,3.0,0.2,0.6,0.6,74.9,80.96,0.6,0.6,0.6,0.2,0.4,0.65,0.6,0.0
452,Asia,Kunshan,1484.0,72.92,1922.0,3.15,3.15,0.4,0.4,3.0,0.2,0.6,0.6,74.9,80.96,0.6,0.4,0.6,0.4,0.4,0.63,0.2,0.0
453,Asia,Guiyang,818.0,72.92,754.0,2.3,2.3,0.4,0.4,3.0,0.2,0.6,0.6,74.9,80.96,0.6,0.6,0.6,0.2,0.4,0.64,0.6,0.0
454,Asia,Huainan,1210.0,72.92,2567.0,3.15,3.15,0.4,0.4,4.0,0.2,0.6,0.6,74.9,80.96,0.6,0.6,0.6,0.2,0.6,0.64,0.6,0.0
455,Asia,Cixi,1490.0,72.92,2004.0,3.15,3.15,0.4,0.4,3.0,0.2,0.6,0.6,74.9,80.96,0.6,0.6,0.6,0.2,0.6,0.65,0.6,0.0
456,Asia,Changzhou,1533.0,72.92,7037.0,3.86,3.86,0.4,0.4,3.0,0.2,0.6,0.8,74.9,80.96,0.6,0.6,0.6,0.2,0.6,0.64,0.6,0.0
457,Asia,Jiangmen,1677.0,72.92,1423.0,3.15,3.15,0.4,0.4,2.0,0.2,0.6,0.8,74.9,80.96,0.6,0.6,0.6,0.2,0.4,0.65,0.6,0.0
458,Asia,Jinan,1129.0,72.92,873.0,3.15,3.15,0.4,0.4,2.0,0.2,0.6,0.6,74.9,80.96,0.6,0.6,0.6,0.2,0.4,0.63,0.6,0.0
459,Asia,Huai'an,1347.0,72.92,1090.0,3.15,3.15,0.4,0.4,3.0,0.2,0.6,0.6,74.9,80.96,0.6,0.6,0.6,0.2,0.4,0.64,0.6,0.0
460,Asia,Jiaxing,1550.0,72.92,1010.0,3.94,3.94,0.4,0.4,3.0,0.2,0.6,0.6,74.9,80.96,0.6,0.6,0.6,0.2,0.4,0.64,0.6,0.0
461,Asia,Hefei,1479.0,72.92,1221.0,3.15,3.15,0.4,0.4,3.0,0.2,0.6,0.6,74.9,80.96,0.6,0.6,0.6,0.2,0.4,0.64,0.6,0.0
462,Asia,Changsha,2897.0,72.92,919.0,3.15,3.15,0.4,0.4,3.0,0.2,0.6,0.6,74.9,80.96,0.6,0.6,0.6,0.2,0.4,0.64,0.6,0.0
463,Asia,Foshan,1294.0,72.92,1209.0,2.67,2.67,0.4,0.4,4.0,0.2,0.6,0.6,74.9,80.96,0.6,0.4,0.6,0.4,0.6,0.6,0.4,0.0
464,Asia,Beijing,1893.0,243.55,1745.0,2.55,2.55,0.8,0.4,3.0,0.2,0.6,0.6,74.9,80.96,0.6,0.2,0.4,0.4,0.6,0.57,0.45,0.0
465,Asia,Nantong,1579.0,72.92,2281.0,3.15,3.15,0.4,0.4,3.0,0.2,0.6,0.6,74.9,80.96,0.6,0.4,0.6,0.4,0.4,0.64,0.2,0.0
466,Asia,Changshu,1590.0,72.92,13406.0,3.15,3.15,0.4,0.4,4.0,0.2,0.6,0.6,74.9,80.96,0.6,0.6,0.6,0.2,0.4,0.61,0.6,0.0
467,Asia,Nanchang,584.0,59.25,578.0,0.73,0.73,0.4,0.8,3.0,0.2,0.6,0.8,74.9,80.96,0.8,0.4,0.4,0.4,0.4,0.61,0.6,0.0
468,Asia,Yiwu,1385.0,467.23,896.0,0.0,0.0,0.4,0.4,2.0,0.2,0.6,0.6,74.9,80.96,0.6,0.4,0.6,0.2,0.4,0.64,0.4,0.0
469,Asia,Xiamen,2087.0,591.06,1812.0,3.5,3.5,0.4,0.4,2.0,0.2,0.6,0.6,74.9,80.96,0.6,0.4,0.6,0.2,0.4,0.65,0.4,0.0
470,Asia,Zhuhai,2041.0,477.54,1628.0,2.43,2.43,0.4,0.4,2.0,0.2,0.6,0.6,74.9,80.96,0.6,0.4,0.4,0.2,0.4,0.63,0.4,0.0
471,Asia,Shantou,623.0,59.25,552.0,0.73,0.73,0.6,0.6,0.0,0.2,0.6,0.8,74.9,80.96,0.8,0.4,0.6,0.4,0.6,0.61,0.4,0.0
472,Asia,Huizhou,2792.0,72.92,791.0,3.15,3.15,0.4,0.4,4.0,0.2,0.6,0.6,74.9,80.96,0.6,0.6,0.6,0.2,0.4,0.66,0.6,0.0
473,Asia,Wuhan,915.0,88.96,926.0,1.09,1.09,0.2,0.2,3.0,0.2,0.6,0.8,74.9,80.96,0.8,0.4,0.4,0.4,0.6,0.61,0.4,0.0
474,Asia,Hohhot,1531.0,72.92,897.0,3.15,3.15,0.4,0.4,2.0,0.2,0.6,0.6,74.9,80.96,0.6,0.6,0.6,0.2,0.4,0.63,0.6,0.0
475,Asia,Guangzhou,972.0,88.96,1105.0,1.09,1.09,0.4,0.4,4.0,0.2,0.6,0.6,74.9,80.96,0.6,0.4,0.6,0.4,0.8,0.61,0.6,0.0
476,Asia,Datong,2683.0,72.92,1729.0,3.15,3.15,0.4,0.4,3.0,0.2,0.6,0.6,74.9,80.96,0.6,0.6,0.6,0.2,0.8,0.66,0.6,0.0
477,Asia,Quanzhou,1259.0,72.92,1242.0,2.67,2.67,0.4,0.6,4.0,0.2,0.6,0.6,74.9,80.96,0.6,0.4,0.6,0.4,0.6,0.61,0.4,0.0
478,Asia,Tianjin,1178.0,88.96,886.0,1.09,1.09,0.6,0.6,3.0,0.2,0.6,0.8,74.9,80.96,0.8,0.4,0.6,0.4,0.6,0.59,0.4,0.0
479,Asia,Taiyuan,1563.0,72.92,938.0,4.73,4.73,0.4,0.4,4.0,0.2,0.6,0.6,74.9,80.96,0.6,0.4,0.6,0.4,0.6,0.59,0.4,0.0
480,Asia,Wenzhou,1214.0,112.63,634.0,1.39,1.39,0.4,0.2,2.0,0.2,0.6,0.8,74.9,80.96,0.8,0.4,0.4,0.4,0.4,0.6,0.4,0.0
481,Asia,Qingdao,1590.0,118.67,868.0,1.46,1.46,0.6,0.8,2.0,0.2,0.6,0.6,74.9,80.96,0.8,0.6,0.6,0.4,0.6,0.62,0.6,0.0
482,Asia,Chongqing,764.0,65.3,669.0,0.8,0.8,0.6,0.8,2.0,0.2,0.6,0.6,74.9,80.96,0.8,0.6,0.6,0.4,0.6,0.59,0.6,0.0
483,Asia,Chengdu,944.0,88.96,919.0,1.09,1.09,0.6,0.6,4.0,0.2,0.6,0.8,74.9,80.96,0.8,0.6,0.6,0.4,0.6,0.6,0.6,0.0
484,Asia,Weihai,1373.0,373.99,2039.0,0.44,0.44,0.4,0.4,0.0,0.2,0.6,0.6,74.9,80.96,0.6,0.4,0.4,0.2,0.4,0.6,0.4,0.0
485,Asia,Changchun,1252.0,72.92,790.0,3.09,3.09,0.4,0.4,4.0,0.2,0.6,0.6,74.9,80.96,0.6,0.6,0.6,0.2,0.4,0.61,0.6,0.0
486,Asia,Jiamusi,1023.0,72.92,679.0,3.15,3.15,0.4,0.4,3.0,0.2,0.6,0.6,74.9,80.96,0.6,0.6,0.6,0.2,0.4,0.61,0.6,0.0
487,Asia,Wuxi,2148.0,549.6,1684.0,3.94,3.94,0.4,0.4,2.0,0.2,0.6,0.6,74.9,80.96,0.6,0.4,0.4,0.2,0.4,0.61,0.4,0.0
488,Asia,Linyi,1103.0,88.96,563.0,1.09,1.09,0.2,0.4,0.0,0.2,0.6,0.8,74.9,80.96,0.8,0.4,0.6,0.4,0.4,0.61,0.2,0.0
489,Asia,Yantai,1767.0,465.62,1351.0,3.94,3.94,0.4,0.4,2.0,0.2,0.6,0.6,74.9,80.96,0.6,0.4,0.4,0.2,0.4,0.6,0.4,0.0
490,Asia,Anshan,763.0,72.92,676.0,0.8,0.8,0.4,0.4,2.0,0.2,0.6,0.6,74.9,80.96,0.6,0.6,0.6,0.2,0.4,0.58,0.4,0.0
491,Asia,Suzhou,1036.0,88.96,1010.0,1.09,1.09,0.4,0.4,4.0,0.2,0.6,0.8,74.9,80.96,0.8,0.4,0.6,0.4,0.6,0.6,0.6,0.0
492,Asia,Shenyang,1213.0,72.92,865.0,2.67,2.67,0.4,0.4,3.0,0.2,0.6,0.6,74.9,80.96,0.6,0.4,0.6,0.4,0.4,0.56,0.4,0.0
493,Asia,Fushun,1844.0,72.92,1957.0,3.15,3.15,0.4,0.4,3.0,0.2,0.6,0.6,74.9,80.96,0.6,0.6,0.6,0.2,0.4,0.61,0.6,0.0
494,Asia,Xuzhou,1532.0,88.96,635.0,1.09,1.09,0.4,0.2,4.0,0.2,0.6,0.6,74.9,80.96,0.6,0.6,0.4,0.4,0.4,0.57,0.4,0.0
495,Asia,Zhengzhou,1178.0,88.96,591.0,1.09,1.09,0.4,0.4,2.0,0.2,0.6,0.6,74.9,80.96,0.6,0.6,0.6,0.4,0.6,0.57,0.6,0.0
496,Asia,Handan,729.0,88.96,814.0,1.09,1.09,0.4,0.4,0.0,0.2,0.6,0.8,74.9,80.96,0.8,0.4,0.4,0.4,0.4,0.55,0.6,0.0
497,Asia,Putian,2455.0,72.92,1206.0,2.67,2.67,0.4,0.4,0.0,0.2,0.6,0.6,74.9,80.96,0.6,0.4,0.6,0.4,0.4,0.6,0.4,0.0
498,Asia,Tangshan,1622.0,72.92,1279.0,2.67,2.67,0.4,0.4,2.0,0.2,0.6,0.6,74.9,80.96,0.6,0.4,0.6,0.4,0.4,0.58,0.4,0.0
499,Asia,Baoding,706.0,59.25,488.0,0.73,0.73,0.2,0.4,1.0,0.2,0.6,0.8,74.9,80.96,0.8,0.4,0.4,0.4,0.4,0.5,0.4,0.0
500,Asia,Harbin,1209.0,177.92,984.0,2.19,2.19,0.4,0.4,3.0,0.2,0.6,0.8,74.9,80.96,0.8,0.4,0.4,0.4,0.4,0.56,0.4,0.0
501,Asia,Qiqihar,1143.0,72.92,900.0,2.67,2.67,0.4,0.4,4.0,0.2,0.6,0.6,74.9,80.96,0.6,0.4,0.6,0.4,0.4,0.54,0.4,0.0
502,Asia,Qinhuangdao,3387.0,72.92,1856.0,2.67,2.67,0.4,0.4,2.0,0.2,0.6,0.6,74.9,80.96,0.6,0.4,0.6,0.4,0.4,0.57,0.4,0.0
503,Europe,Dublin,3292.0,161.3,3179.0,5.38,5.38,0.8,0.4,31.0,0.8,1.0,0.96,22.5,12.4,0.6,0.8,0.6,1.0,0.62,0.83,1.0,0.0
504,Europe,Cork,2956.0,161.3,2256.0,5.38,5.38,0.4,0.4,17.0,0.8,1.0,1.0,22.5,12.4,0.6,0.8,0.8,1.0,0.8,0.81,0.6,0.0
505,Europe,Galway,3282.0,161.3,2798.0,6.45,6.45,0.4,0.6,28.0,0.8,1.0,0.82,22.5,12.4,1.0,0.6,0.8,1.0,0.8,0.86,0.8,0.0
506,Europe,Minsk,1329.0,74.9,781.0,0.75,0.75,0.8,0.4,21.0,0.2,0.6,0.64,73.9,54.32,0.9,0.38,1.0,0.0,0.6,0.72,0.6,0.0
507,Europe,Grodno,1151.0,60.92,480.0,0.75,0.75,0.2,0.4,15.0,0.2,0.6,0.6,73.9,54.32,0.0,0.2,0.8,0.0,0.4,0.66,0.4,0.0
508,Europe,Moscow,1883.0,197.02,1746.0,3.79,3.79,1.0,1.0,13.0,0.2,0.4,0.6,81.0,49.03,0.4,0.2,0.4,0.6,1.0,0.59,1.0,0.0
509,Europe,Saint Petersburg,1724.0,113.67,1153.0,3.03,3.03,1.0,0.6,0.0,0.2,0.4,0.58,81.0,49.03,0.4,0.2,0.8,0.64,0.4,0.57,0.4,0.0
510,Europe,Kazan,2107.0,60.62,1194.0,6.06,6.06,0.8,0.4,11.0,0.2,0.4,0.44,81.0,49.03,0.4,0.2,0.6,0.4,0.4,0.59,0.6,0.0
511,Europe,Yekaterinburg,1378.0,181.87,1164.0,3.03,3.03,0.8,0.4,10.0,0.2,0.4,0.6,81.0,49.03,0.62,0.2,0.27,0.4,0.6,0.57,0.6,0.0
512,Europe,Obninsk,621.0,61.63,718.0,0.76,0.76,0.2,0.2,23.0,0.2,0.4,0.4,81.0,49.03,0.4,0.2,0.4,0.4,0.2,0.49,0.2,0.0
513,Europe,Saratov,982.0,69.72,565.0,1.44,1.44,0.4,0.6,12.0,0.2,0.4,0.4,81.0,49.03,0.4,0.2,0.8,0.4,0.6,0.53,0.4,0.0
514,Europe,Kaliningrad,2531.0,431.43,1654.0,5.3,5.3,0.4,0.4,16.0,0.2,0.4,0.6,81.0,49.03,0.6,0.2,0.6,0.4,0.4,0.58,0.4,0.0
515,Europe,Nizhny,2012.0,369.8,1483.0,4.55,4.55,0.4,0.4,0.0,0.2,0.4,0.6,81.0,49.03,0.6,0.2,0.8,0.4,0.4,0.58,0.8,0.0
516,Europe,Krasnoyarsk,1945.0,369.8,1458.0,4.55,4.55,0.4,0.6,11.0,0.2,0.4,0.8,81.0,49.03,0.6,0.6,0.8,0.4,0.8,0.61,0.6,0.0
517,Europe,Izhevsk,1177.0,212.63,851.0,2.61,2.61,0.4,0.4,12.0,0.2,0.4,0.6,81.0,49.03,0.6,0.2,0.6,0.4,0.2,0.54,0.6,0.0
518,Europe,Samara,1086.0,60.62,636.0,1.52,1.52,0.4,0.4,6.0,0.2,0.4,0.4,81.0,49.03,0.4,0.2,0.8,1.8181818181818002e+28,0.4,0.49,0.2,0.0
519,Europe,Tomsk,1511.0,277.35,1157.0,3.41,3.41,0.2,0.4,25.0,0.2,0.4,0.8,81.0,49.03,0.6,0.2,0.8,0.4,0.2,0.56,0.4,0.0
520,Europe,Rostov-on-Don,1004.0,182.74,843.0,1.72,1.72,0.2,0.4,10.0,0.2,0.4,0.6,81.0,49.03,0.4,0.2,0.2,0.6,0.4,0.5,0.2,0.0
521,Europe,Novosibirsk,1074.0,30.31,892.0,2.65,2.65,0.4,0.6,10.0,0.2,0.4,0.6,81.0,49.03,0.6,0.18,0.6,0.45,0.27,0.54,0.6,0.0
522,Europe,Chelyabinsk,1606.0,266.25,1324.0,3.27,3.27,0.4,0.6,18.0,0.2,0.4,0.6,81.0,49.03,0.6,0.2,0.6,0.4,0.4,0.55,0.4,0.0
523,Europe,Ufa,1167.0,218.57,1039.0,2.59,2.59,0.4,0.4,10.0,0.2,0.4,0.6,81.0,49.03,0.4,0.2,0.45,0.4,0.4,0.51,0.2,0.0
524,Europe,Krasnodar,1152.0,227.47,1035.0,2.15,2.15,0.4,0.6,3.0,0.2,0.4,0.8,81.0,49.03,0.6,0.6,0.8,0.4,0.4,0.57,0.8,0.0
525,Europe,Vladivostok,2014.0,369.8,1828.0,4.55,4.55,0.4,0.4,3.0,0.2,0.4,0.8,81.0,49.03,0.6,0.2,0.6,0.4,0.4,0.54,0.6,0.0
526,Asia,Gurgaon,1394.0,132.88,1112.0,2.58,2.58,0.8,0.4,5.0,0.2,0.4,0.6,79.6,43.17,0.4,0.2,0.4,0.2,1.0,0.68,0.4,0.0
527,Asia,Visakhapatnam,1114.0,165.24,782.0,2.63,2.63,0.6,0.6,5.0,0.2,0.4,0.8,79.6,43.17,0.6,0.4,0.8,0.4,0.6,0.7,0.6,0.0
528,Asia,Chennai,770.0,73.82,816.0,0.55,0.55,0.4,0.2,5.0,0.2,0.4,0.4,79.6,43.17,0.2,0.2,0.6,0.2,0.4,0.57,0.6,0.0
529,Asia,Raipur,1344.0,59.06,429.0,3.03,3.03,0.4,0.6,11.0,0.2,0.4,0.4,79.6,43.17,0.4,0.4,0.6,0.6,0.8,0.61,0.2,0.0
530,Asia,Chandigarh,1494.0,132.87,962.0,2.58,2.58,0.4,0.4,6.0,0.2,0.4,0.6,79.6,43.17,0.6,0.2,0.6,0.2,0.6,0.64,0.4,0.0
531,Asia,Guwahati,1486.0,210.16,899.0,2.58,2.58,0.4,0.4,6.0,0.2,0.4,0.6,79.6,43.17,0.4,0.2,0.4,0.2,0.6,0.6,0.4,0.0
532,Asia,Jodhpur,1201.0,73.82,1057.0,2.83,2.83,0.6,0.6,3.0,0.2,0.4,0.8,79.6,43.17,0.6,0.4,0.8,0.6,1.0,0.72,0.6,0.0
533,Asia,Bangalore,889.0,95.97,641.0,0.74,0.74,0.8,0.2,2.0,0.2,0.4,0.58,79.6,43.17,0.27,0.2,0.64,0.2,0.4,0.64,0.4,0.0
534,Asia,Tirupur,1041.0,59.06,296.0,0.0,0.0,0.4,0.4,6.0,0.2,0.4,0.4,79.6,43.17,0.4,0.4,0.8,0.6,0.2,0.56,0.2,0.0
535,Asia,Vijayawada,1987.0,178.58,696.0,4.83,4.83,0.6,0.4,10.0,0.2,0.4,0.4,79.6,43.17,0.4,0.4,0.8,0.4,0.4,0.6,0.4,0.0
536,Asia,Srinagar,1201.0,0.3,380.0,2.62,2.62,0.2,0.4,9.0,0.2,0.4,0.4,79.6,43.17,0.4,0.2,0.6,0.8,0.4,0.56,0.2,0.0
537,Asia,Hyderabad,745.0,59.06,772.0,0.74,0.74,0.8,0.2,4.0,0.2,0.4,0.4,79.6,43.17,0.2,0.2,0.8,0.2,0.42,0.58,0.6,0.0
538,Asia,New Delhi,962.0,103.35,1186.0,1.48,1.48,0.8,0.2,1.0,0.2,0.4,0.4,79.6,43.17,0.2,0.2,0.8,0.2,0.6,0.58,0.6,0.0
539,Asia,Nagpur,916.0,73.82,689.0,1.03,1.03,0.4,0.2,2.0,0.2,0.4,0.6,79.6,43.17,0.4,0.4,0.6,0.2,0.8,0.63,0.4,0.0
540,Asia,Aurangabad,1591.0,59.06,473.0,2.4,2.4,0.4,0.4,3.0,0.2,0.4,0.6,79.6,43.17,0.6,0.2,0.4,0.4,0.6,0.63,0.2,0.0
541,Asia,Jaipur,624.0,27.29,577.0,0.92,0.92,0.4,0.4,3.0,0.2,0.4,0.6,79.6,43.17,0.6,0.4,0.4,0.2,0.4,0.59,0.6,0.0
542,Asia,Jamshedpur,1243.0,59.06,462.0,2.34,2.34,0.4,0.6,2.0,0.2,0.4,0.6,79.6,43.17,0.6,0.2,0.6,0.4,0.6,0.66,0.2,0.0
543,Asia,Lucknow,1059.0,81.21,784.0,1.48,1.48,0.6,0.4,1.0,0.2,0.4,0.6,79.6,43.17,0.4,0.6,0.6,0.2,0.6,0.61,0.6,0.0
544,Asia,Ludhiana,915.0,67.55,1739.0,0.83,0.83,0.6,0.4,2.0,0.2,0.4,0.6,79.6,43.17,0.4,0.6,0.6,0.2,0.6,0.6,0.6,0.0
545,Asia,Mumbai,1301.0,103.35,1369.0,1.48,1.48,0.8,0.2,2.0,0.2,0.4,0.4,79.6,43.17,0.2,0.22,0.8,0.2,0.6,0.56,0.6,0.0
546,Asia,Kalyan,1229.0,59.06,488.0,1.43,1.43,0.4,0.4,2.0,0.2,0.4,0.6,79.6,43.17,0.4,0.2,0.6,0.4,0.6,0.63,0.2,0.0
547,Asia,Pune,931.0,36.91,739.0,1.11,1.11,0.4,0.2,3.0,0.2,0.4,0.6,79.6,43.17,0.4,0.4,0.8,0.2,0.6,0.62,0.6,0.0
548,Asia,Varanasi,624.0,122.36,709.0,2.4,2.4,0.8,0.6,1.0,0.2,0.4,0.8,79.6,43.17,0.4,0.4,0.8,0.4,0.6,0.67,0.6,0.0
549,Asia,Amritsar,986.0,73.82,1307.0,2.95,2.95,0.8,0.6,3.0,0.2,0.4,0.8,79.6,43.17,0.6,0.4,0.8,0.4,0.8,0.63,0.6,0.0
550,Asia,Dhanbad,1500.0,59.06,449.0,4.35,4.35,0.4,0.4,2.0,0.2,0.4,0.6,79.6,43.17,0.6,0.2,0.6,0.4,0.6,0.66,0.2,0.0
551,Asia,Gwalior,1170.0,59.06,373.0,1.59,1.59,0.4,0.4,2.0,0.2,0.4,0.6,79.6,43.17,0.4,0.2,0.6,0.4,0.6,0.64,0.2,0.0
552,Asia,Thrissur,815.0,59.06,697.0,0.95,0.95,0.4,0.4,1.0,0.2,0.4,0.44,79.6,43.17,0.4,0.4,0.6,0.6,0.8,0.64,0.2,0.0
553,Asia,Asansol,1594.0,59.06,496.0,0.0,0.0,0.4,0.4,2.0,0.2,0.4,0.6,79.6,43.17,0.4,0.2,0.8,0.4,0.6,0.65,0.2,0.0
554,Asia,Jabalpur,1659.0,59.06,617.0,4.62,4.62,0.4,0.4,2.0,0.2,0.4,0.6,79.6,43.17,0.4,0.2,0.6,0.4,0.6,0.64,0.2,0.0
555,Asia,Surat,839.0,72.05,845.0,0.89,0.89,0.4,0.2,2.0,0.2,0.4,0.6,79.6,43.17,0.6,0.4,0.8,0.2,0.8,0.64,0.4,0.0
556,Asia,Agra,857.0,59.06,1284.0,1.59,1.59,0.6,0.6,3.0,0.2,0.4,0.6,79.6,43.17,0.4,0.2,0.8,0.4,0.8,0.62,0.6,0.0
557,Asia,Ahmedabad,522.0,7.21,426.0,0.09,0.09,0.4,0.2,2.0,0.2,0.4,0.6,79.6,43.17,0.6,0.2,0.8,0.2,0.8,0.64,0.4,0.0
558,Asia,Thane,1095.0,95.97,896.0,0.89,0.89,0.4,0.2,2.0,0.2,0.4,0.4,79.6,43.17,0.4,0.4,0.8,0.2,0.8,0.57,0.6,0.0
559,Asia,Vadodara,860.0,87.06,558.0,1.07,1.07,0.4,0.2,3.0,0.2,0.4,0.6,79.6,43.17,0.4,0.4,0.8,0.2,0.8,0.63,0.6,0.0
560,Asia,Indore,1486.0,210.16,817.0,2.58,2.58,0.4,0.2,3.0,0.2,0.4,0.6,79.6,43.17,0.6,0.2,0.4,0.2,0.8,0.62,0.4,0.0
561,Asia,Noida,1129.0,103.35,948.0,1.33,1.33,0.4,0.2,4.0,0.2,0.4,0.4,79.6,43.17,0.2,0.4,0.6,0.2,0.6,0.55,0.8,0.0
562,Asia,Kannur,953.0,59.06,587.0,2.95,2.95,0.4,0.4,2.0,0.2,0.4,0.4,79.6,43.17,0.4,0.4,0.4,0.4,0.6,0.57,0.2,0.0
563,Asia,Kollam,1394.0,59.06,458.0,2.26,2.26,0.6,0.6,2.0,0.2,0.4,0.4,79.6,43.17,0.4,0.4,0.6,0.6,0.6,0.6,0.2,0.0
564,Asia,Kanpur,1406.0,59.06,667.0,6.27,6.27,0.6,0.4,3.0,0.2,0.4,0.4,79.6,43.17,0.4,0.4,0.6,0.4,0.6,0.59,0.2,0.0
565,Asia,Bhopal,1158.0,90.07,426.0,1.11,1.11,0.4,0.2,2.0,0.2,0.4,0.4,79.6,43.17,0.6,0.2,0.6,0.2,0.8,0.59,0.2,0.0
566,Asia,Allahabad,650.0,59.06,478.0,1.59,1.59,0.2,0.4,2.0,0.2,0.4,0.6,79.6,43.17,0.4,0.2,0.6,0.6,0.4,0.59,0.2,0.0
567,Asia,Nasik,745.0,90.07,688.0,1.11,1.11,0.6,0.2,2.0,0.2,0.4,0.6,79.6,43.17,0.4,0.4,0.6,0.2,0.6,0.6,0.8,0.0
568,Asia,Bhubaneswar,1487.0,210.16,1062.0,2.58,2.58,0.2,0.2,2.0,0.2,0.4,0.6,79.6,43.17,0.6,0.2,0.6,0.2,0.6,0.62,0.2,0.0
569,Asia,Mysore,903.0,59.06,1220.0,2.34,2.34,0.4,0.6,4.0,0.2,0.4,0.4,79.6,43.17,0.4,0.4,1.0,0.4,0.6,0.61,0.6,0.0
570,Asia,Kozhikode,1200.0,59.06,2801.0,2.34,2.34,0.4,0.4,4.0,0.2,0.4,0.4,79.6,43.17,0.4,0.4,0.8,0.4,0.6,0.6,0.4,0.0
571,Asia,Coimbatore,1362.0,210.16,904.0,2.58,2.58,0.4,0.4,3.0,0.2,0.4,0.6,79.6,43.17,0.6,0.2,0.6,0.2,0.6,0.61,0.2,0.0
572,Asia,Nashik,1046.0,59.06,2696.0,2.34,2.34,0.4,0.4,3.0,0.2,0.4,0.4,79.6,43.17,0.4,0.2,0.6,0.4,0.6,0.58,0.4,0.0
573,Asia,Kochi,582.0,51.68,604.0,0.44,0.44,0.2,0.2,4.0,0.2,0.4,0.4,79.6,43.17,0.2,0.2,0.6,0.2,0.4,0.54,0.6,0.0
574,Asia,Madurai,1234.0,59.06,687.0,2.34,2.34,0.6,0.4,4.0,0.2,0.4,0.4,79.6,43.17,0.4,0.4,0.6,0.4,0.6,0.59,0.4,0.0
575,Asia,Patna,982.0,59.06,610.0,2.34,2.34,0.4,0.4,2.0,0.2,0.4,0.4,79.6,43.17,0.4,0.4,0.6,0.6,0.8,0.56,0.2,0.0
576,Asia,Kolkata,868.0,57.58,662.0,0.92,0.92,0.4,0.2,4.0,0.2,0.4,0.4,79.6,43.17,0.2,0.2,0.8,0.2,0.6,0.52,0.2,0.0
577,Asia,Thiruvananthapuram,945.0,59.06,608.0,2.06,2.06,0.4,0.4,2.0,0.2,0.4,0.4,79.6,43.17,0.4,0.4,0.6,0.6,0.6,0.54,0.2,0.0
578,Asia,Goa,1134.0,147.65,613.0,1.11,1.11,0.4,0.6,2.0,0.2,0.4,0.6,79.6,43.17,0.2,0.6,0.6,0.2,1.0,0.58,1.0,0.0
579,Asia,Rajkot,959.0,59.06,970.0,1.98,1.98,0.4,0.4,2.0,0.2,0.4,0.4,79.6,43.17,0.4,0.4,0.6,0.6,0.6,0.53,0.2,0.0
580,Asia,Kota,1409.0,73.82,586.0,1.48,1.48,0.4,0.4,2.0,0.2,0.4,0.4,79.6,43.17,0.4,0.2,0.8,0.6,0.4,0.52,0.2,0.0
581,Asia,Ranchi,1408.0,59.06,451.0,1.11,1.11,0.4,0.4,2.0,0.2,0.4,0.4,79.6,43.17,0.4,0.4,0.6,0.6,0.4,0.53,0.2,0.0
582,Americas,Santiago,1516.0,182.5,1019.0,1.5,1.5,0.8,0.4,18.0,0.8,0.8,0.6,41.9,19.23,0.0,0.2,1.0,0.8,0.4,0.72,0.4,1.0
583,Europe,Belgrade,1014.0,87.43,781.0,1.35,1.35,0.8,0.62,10.0,0.6,0.6,0.8,72.0,27.6,0.8,0.2,0.82,0.62,0.8,0.71,1.0,0.0
584,Europe,Novi Sad,1077.0,124.45,682.0,1.53,1.53,0.6,0.8,17.0,0.6,0.6,0.6,72.0,27.6,0.8,0.4,0.6,0.6,0.4,0.68,0.6,0.0
585,Europe,Nis,798.0,71.11,529.0,0.87,0.87,1.0,0.6,19.0,0.6,0.6,1.0,72.0,27.6,0.6,0.2,1.0,0.6,0.6,0.71,0.6,0.0
586,Europe,Copenhagen,4850.0,270.94,3970.0,8.67,8.67,0.8,0.2,32.0,1.0,1.0,1.0,21.5,8.89,1.0,0.8,0.8,0.98,0.6,0.84,1.0,0.0
587,Europe,Aarhus,4374.0,587.57,3043.0,7.22,7.22,0.8,0.8,20.0,1.0,1.0,1.0,21.5,8.89,1.0,0.8,0.8,1.0,0.8,0.83,0.8,0.0
588,Europe,Aalborg,4220.0,587.57,2496.0,7.22,7.22,0.6,0.8,0.0,1.0,1.0,1.0,21.5,8.89,1.0,0.8,0.8,1.0,0.6,0.8,0.8,0.0
589,Asia,Yerevan,1187.0,170.05,1031.0,2.09,2.09,0.8,0.64,10.0,0.6,0.6,0.82,69.6,28.79,0.82,0.42,0.64,0.0,0.82,0.68,0.64,0.0
590,Europe,Bratislava,1487.0,149.47,1120.0,1.61,1.61,0.6,0.4,32.0,0.8,0.8,0.8,44.9,13.26,0.8,0.4,0.6,0.0,0.6,0.75,0.6,0.0
591,Europe,Kosice,1565.0,129.04,1079.0,1.61,1.61,0.4,0.6,12.0,0.8,0.8,0.6,44.9,13.26,0.8,0.2,0.6,0.0,0.8,0.74,0.4,0.0
592,Asia,Adana,1542.0,25.0,676.0,2.36,2.36,0.6,0.75,12.0,0.2,0.4,0.93,77.3,50.76,0.75,0.2,0.75,0.56,0.75,0.71,0.6,0.0
593,Asia,Gaziantep,1872.0,272.28,884.0,0.0,0.0,0.6,0.6,9.0,0.2,0.4,0.8,77.3,50.76,0.6,0.2,0.8,0.4,0.6,0.69,0.6,0.0
594,Asia,Antalya,2016.0,260.38,1091.0,2.29,2.29,0.4,0.4,7.0,0.2,0.4,0.8,77.3,50.76,0.4,0.4,1.0,0.4,1.0,0.71,0.8,0.0
595,Asia,Istanbul,2273.0,152.45,1312.0,2.29,2.29,0.8,0.6,8.0,0.2,0.4,0.4,77.3,50.76,0.44,0.58,0.8,0.8,0.64,0.63,1.0,1.0
596,Asia,Izmir,1841.0,152.45,985.0,1.52,1.52,0.4,0.4,13.0,0.2,0.4,0.56,77.3,50.76,0.6,0.2,0.62,0.4,0.6,0.66,0.4,1.0
597,Asia,Konya,1539.0,217.23,892.0,1.94,1.94,0.0,0.6,6.0,0.2,0.4,0.8,77.3,50.76,0.6,0.2,0.0,0.6,0.6,0.67,0.0,0.0
598,Asia,Ankara,3547.0,1524.46,2415.0,2.29,2.29,0.6,0.6,49.0,0.2,0.4,0.8,77.3,50.76,0.38,0.2,0.6,0.42,0.4,0.66,0.4,0.0
599,Asia,Alanya,2176.0,248.1,1781.0,1.83,1.83,0.8,0.8,5.0,0.2,0.4,0.6,77.3,50.76,0.4,0.2,0.8,0.4,0.6,0.67,0.6,0.0
600,Asia,Bursa,2108.0,130.19,933.0,1.52,1.52,0.4,0.4,19.0,0.2,0.4,0.6,77.3,50.76,0.6,0.4,0.6,0.4,0.6,0.65,0.4,1.0
601,Asia,Bodrum,3076.0,260.38,1588.0,1.52,1.52,0.6,0.4,7.0,0.2,0.4,0.64,77.3,50.76,0.4,0.6,1.0,0.4,0.4,0.64,1.0,0.0
602,Europe,Tampere,3086.0,305.67,2065.0,3.76,3.76,0.8,1.0,32.0,1.0,1.0,1.0,18.8,8.59,1.0,0.8,0.8,0.8,0.8,0.83,0.8,0.0
603,Europe,Espoo,2881.0,393.57,2265.0,4.84,4.84,0.8,0.8,25.0,1.0,1.0,1.0,18.8,8.59,1.0,0.8,1.0,0.8,0.8,0.84,0.8,0.0
604,Europe,Turku,3001.0,350.28,2025.0,4.3,4.3,0.8,1.0,20.0,1.0,1.0,1.0,18.8,8.59,1.0,0.6,0.8,0.8,0.6,0.8,0.6,0.0
605,Europe,Oulu,2593.0,262.38,1761.0,3.23,3.23,0.4,1.0,15.0,1.0,1.0,0.8,18.8,8.59,1.0,0.8,0.6,0.8,0.4,0.76,0.4,0.0
606,Europe,Helsinki,3030.0,129.04,2223.0,5.38,5.38,0.4,1.0,26.0,1.0,1.0,1.0,18.8,8.59,1.0,1.0,1.0,0.8,0.8,0.83,0.8,0.0
607,Europe,Jyvaskyla,3307.0,483.9,2105.0,4.57,4.57,0.8,0.6,0.0,1.0,1.0,1.0,18.8,8.59,1.0,1.0,1.0,0.8,0.2,0.77,0.8,0.0
608,Asia,Nicosia,2951.0,481.75,1980.0,5.91,5.91,0.4,0.4,20.0,0.8,0.6,0.6,64.0,18.26,0.8,0.6,0.4,0.6,0.8,0.71,0.8,0.0
609,Asia,Limassol,3110.0,481.47,2212.0,5.91,5.91,0.6,0.8,9.0,0.8,0.6,1.0,64.0,18.26,0.8,0.8,1.0,0.6,1.0,0.76,0.6,0.0
610,Asia,Paphos,3207.0,436.86,1764.0,5.38,5.38,0.4,0.4,6.0,0.8,0.6,0.76,64.0,18.26,0.73,0.6,0.56,0.6,0.8,0.7,0.8,0.0
611,Europe,Zadar,1916.0,87.36,939.0,1.07,1.07,0.8,0.8,45.0,0.6,0.8,0.8,52.4,27.91,0.8,0.42,0.8,0.4,0.4,0.75,0.4,0.0
612,Europe,Zagreb,1960.0,143.21,889.0,1.43,1.43,0.4,0.8,17.0,0.6,0.8,0.8,52.4,27.91,0.62,0.4,0.8,0.42,0.4,0.72,0.6,0.0
613,Europe,Split,2246.0,229.13,1168.0,1.07,1.07,0.4,0.6,9.0,0.6,0.8,0.6,52.4,27.91,0.8,0.6,0.8,0.4,0.6,0.72,0.4,0.0
614,Europe,Osijek,1508.0,87.36,729.0,1.07,1.07,0.6,0.6,9.0,0.6,0.8,0.6,52.4,27.91,0.6,0.6,0.8,0.4,0.4,0.69,0.4,0.0
615,Europe,Rijeka,1958.0,87.36,860.0,1.07,1.07,0.4,0.8,8.0,0.6,0.8,0.8,52.4,27.91,0.6,0.6,0.8,0.4,0.4,0.7,0.4,0.0
616,Europe,Dubrovnik,4532.0,226.95,1739.0,3.21,3.21,0.6,0.6,12.0,0.6,0.8,0.8,52.4,27.91,0.4,0.2,0.6,0.6,0.6,0.72,0.4,0.0
617,Europe,Ljubljana,1908.0,102.16,1314.0,3.23,3.23,0.8,0.6,14.0,0.6,0.8,0.8,33.9,22.26,0.6,0.6,1.0,0.0,0.6,0.79,0.8,0.0
618,Americas,San Juan,2618.0,250.0,2765.0,6.0,6.0,0.4,0.6,16.0,0.6,0.8,0.8,34.0,22.49,0.6,0.8,1.0,0.8,0.6,0.78,1.0,0.0
619,Europe,Sofia,2037.0,148.59,1096.0,2.75,2.75,0.8,1.0,20.0,0.4,0.8,0.6,53.7,34.46,0.6,0.2,0.8,0.4,0.6,0.71,0.8,0.0
620,Europe,Plovdiv,2267.0,165.1,1136.0,4.13,4.13,0.4,0.96,21.0,0.4,0.8,0.8,53.7,34.46,0.6,0.36,0.8,0.4,0.6,0.74,0.6,0.0
621,Europe,Burgas,3212.0,610.0,2130.0,7.5,7.5,0.4,1.0,24.0,0.4,0.8,0.6,53.7,34.46,1.0,0.4,0.8,0.4,0.4,0.76,1.0,0.0
622,Europe,Varna,1708.0,110.07,874.0,2.06,2.06,0.4,0.6,4.0,0.4,0.8,0.8,53.7,34.46,0.6,0.6,0.8,0.4,0.6,0.69,0.6,0.0
623,Europe,Gibraltar,3881.0,249.5,2488.0,6.24,6.24,0.6,0.4,19.0,0.6052524689057109,0.7569363239273215,0.6,51.97071305181363,25.11954541200802,0.8,0.44,0.8,0.6,0.6,0.79,0.6,0.0
624,Asia,Tbilisi,1328.0,104.48,738.0,1.0,1.0,0.4,0.6,15.0,0.6,0.4,0.8,78.9,27.96,0.6,0.2,1.0,0.4,0.6,0.71,0.44,0.0
625,Asia,Amman,2271.0,63.51,1254.0,2.12,2.12,0.8,0.6,5.0,0.2,0.4,0.6,78.0,44.49,0.2,0.2,1.0,0.0,0.6,0.68,0.6,0.0
626,Europe,Vilnius,2143.0,268.83,1645.0,2.69,2.69,0.4,0.6,13.0,0.8,0.8,0.8,42.4,19.95,0.6,0.44,1.0,0.8,1.0,0.75,0.6,0.0
627,Europe,Kaunas,1681.0,268.83,1279.0,2.15,2.15,0.6,0.4,32.0,0.8,0.8,0.6,42.4,19.95,0.8,0.4,0.6,0.8,0.6,0.72,0.6,0.0
628,Europe,Klaipeda,1469.0,228.27,1130.0,1.51,1.51,0.4,0.4,24.0,0.8,0.8,0.6,42.4,19.95,0.6,0.4,0.4,0.6,0.6,0.71,0.4,0.0
629,Asia,Kuala Lumpur,1330.0,92.16,988.0,0.69,0.69,1.0,0.6,3.0,0.2,0.6,0.6,66.1,46.57,0.4,0.2,0.38,0.0,0.4,0.72,0.2,0.0
630,Asia,Johor Bahru,1283.0,80.64,778.0,0.81,0.81,0.4,0.4,10.0,0.2,0.6,0.4,66.1,46.57,0.4,0.6,0.6,0.0,0.4,0.61,0.4,0.0
631,Asia,Kota Kinabalu,1528.0,70.28,845.0,0.86,0.86,0.6,0.4,3.0,0.2,0.6,0.8,66.1,46.57,0.0,0.6,0.8,0.0,0.8,0.69,0.2,0.0
632,Asia,Penang,1183.0,92.16,831.0,0.58,0.58,0.6,0.4,3.0,0.2,0.6,0.6,66.1,46.57,0.6,0.2,0.6,0.0,0.6,0.63,0.2,0.0
633,Asia,Ipoh,1824.0,294.59,2052.0,3.0,3.0,0.4,0.4,4.0,0.2,0.6,0.4,66.1,46.57,0.6,0.4,0.6,0.4,0.6,0.61,0.4,0.0
634,Americas,Santo Domingo,1763.0,95.57,1448.0,3.78,3.78,0.4,0.4,7.0,0.6,0.6,0.4,70.8,27.9,0.6,0.4,0.8,0.8,1.0,0.69,1.0,0.0
635,Americas,Jarabacoa,1116.0,64.86,2650.0,2.81,2.81,0.95,1.0,7.0,0.6,0.6,0.6,70.8,27.9,0.6,0.4,1.0,0.8,0.6,0.7,0.6,0.0
636,Americas,Kingston,1325.0,188.61,1469.0,2.32,2.32,0.6,0.6,9.0,0.8,0.6,0.4,65.0,12.45,0.6,0.2,0.6,0.0,1.0,0.67,1.0,1.0
637,Europe,Sarajevo,1517.0,164.9,958.0,1.1,1.1,0.4,0.2,16.0,0.6,0.5664306048181521,0.6,55.482342738205716,28.45,0.6,0.2,1.0,0.0,0.4,0.74,0.8,0.0
638,Europe,Banja Luka,1536.0,41.23,690.0,1.92,1.92,0.6,0.6,5.0,0.6,0.5483734099382117,0.6,55.78184005199808,28.45,0.6,0.4,0.8,0.0,0.4,0.71,0.6,0.0
639,Africa,Bruges,3155.0,346.34,2555.0,3.76,3.76,0.8,0.8,67.0,0.8,1.0,0.8,29.0,14.18,0.6,0.6,0.8,0.6,0.6,0.81,0.8,0.0
640,Africa,Innsbruck,3337.0,351.59,2294.0,3.76,3.76,0.6,0.6,22.0,0.8,1.0,0.8,27.5,13.18,0.6,0.6,0.6,0.6,0.6,0.78,0.6,0.0
641,Africa,Accra,3458.0,488.0,3096.0,6.0,6.0,0.2,0.4,7.0,0.8,0.6,0.2,71.2,17.95,0.6,0.2,0.6,0.6,0.8,0.46,0.8,0.0
642,Asia,Dubai,5452.0,680.65,4303.0,3.4,3.4,0.8,0.64,6.0,0.4,0.8,1.0,44.5,36.73,0.62,0.2,0.8,0.64,0.8,0.78,0.43,0.0
643,Asia,Sharjah,3288.0,243.4,2288.0,2.99,2.99,0.4,0.8,9.0,0.4,0.8,0.8,44.5,36.73,0.8,0.2,1.0,0.6,0.4,0.74,0.2,0.0
644,Asia,Abu Dhabi,5194.0,553.71,4120.0,6.81,6.81,0.82,0.8,6.0,0.4,0.8,0.82,44.5,36.73,0.44,0.2,0.82,0.6,1.0,0.76,0.62,0.0
645,Asia,Muscat,3602.0,23.37,2133.0,2.6,2.6,0.6,0.4,6.0,0.2,0.8,0.8,51.6,40.43,0.6,0.4,0.6,0.0,0.8,0.75,0.4,0.0
646,Americas,Cuenca,971.0,70.0,1083.0,1.5,1.5,0.4,0.4,8.0,0.4,0.4,0.6,75.6,33.21,0.6,0.6,0.8,0.6,0.8,0.7,0.4,1.0
647,Americas,Guayaquil,1372.0,52.0,1006.0,2.37,2.37,0.4,0.0,7.0,0.4,0.4,0.6,75.6,33.21,0.6,0.6,0.6,0.6,0.6,0.69,0.44,0.0
648,Americas,Quito,1104.0,150.0,1107.0,1.5,1.5,0.8,0.6,3.0,0.4,0.4,0.6,75.6,33.21,0.0,0.6,0.8,0.6,0.6,0.7,0.6,1.0
649,Europe,Monaco,5401.0,225.82,7179.0,5.38,5.38,0.8,0.6,19.0,0.6819636217114227,0.9018141030526223,1.0,43.43899671070019,23.26930936953701,0.8,0.6,0.8,0.6,1.0,0.82,1.0,0.0
650,Americas,Chachapoyas,895.0,118.58,544.0,1.46,1.46,0.4,0.4,0.0,0.6,0.6,0.6,72.0,29.99,0.0,0.2,0.8,0.6,0.2,0.68,0.4,1.0
651,Americas,Lima,2231.0,145.94,1148.0,1.46,1.46,0.8,0.4,3.0,0.6,0.6,0.6,72.0,29.99,0.4,0.2,0.8,0.6,0.8,0.63,0.6,1.0
652,Americas,Arequipa,1537.0,116.75,828.0,1.46,1.46,0.4,0.4,4.0,0.6,0.6,0.56,72.0,29.99,0.0,0.4,1.0,0.6,0.6,0.67,0.6,1.0
653,Americas,Cusco,1850.0,213.65,1635.0,2.63,2.63,0.6,0.4,1.0,0.6,0.6,0.6,72.0,29.99,0.4,0.4,0.4,0.6,0.2,0.59,0.4,0.0
654,Africa,Taghazout,1618.0,140.29,881.0,1.25,1.25,0.45,0.6,6.0,0.2,0.6,0.8,74.2,42.64,0.6,0.8,1.0,0.4,0.64,0.68,0.2,0.0
655,Africa,Rabat,4401.0,1476.15,2785.0,4.43,4.43,0.64,0.4,15.0,0.2,0.6,0.6,74.2,42.64,0.6,0.4,0.8,0.4,0.8,0.7,0.6,0.0
656,Africa,Casablanca,2782.0,250.52,1442.0,2.0,2.0,0.4,0.4,5.0,0.2,0.6,0.73,74.2,42.64,0.4,0.4,1.0,0.4,0.8,0.66,1.0,0.0
657,Africa,Agadir,1889.0,122.25,954.0,1.5,1.5,0.4,0.4,6.0,0.2,0.6,0.6,74.2,42.64,0.4,0.2,0.6,0.4,0.6,0.62,0.6,0.0
658,Africa,El Jadida,1908.0,40.71,745.0,0.5,0.5,0.6,1.0,2.0,0.2,0.6,0.8,74.2,42.64,0.4,0.2,0.6,0.4,0.6,0.61,0.6,0.0
659,Americas,Havana,1963.0,183.0,1267.0,1.0,1.0,0.4,0.4,6.0,0.2,0.6,0.8,66.3,70.23,0.6,0.6,1.0,0.6,1.0,0.73,0.8,0.0
660,Americas,Bogota,1283.0,152.05,1173.0,1.6,1.6,0.8,0.6,0.0,0.2,0.4,0.27,80.2,44.11,0.2,0.4,1.0,0.4,0.6,0.6,1.0,1.0
661,Americas,Cartagena,1957.0,320.1,2688.0,1.6,1.6,0.4,0.6,5.0,0.2,0.4,0.8,80.2,44.11,0.4,0.4,1.0,0.4,1.0,0.63,0.8,1.0
662,Americas,Barranquilla,1246.0,111.68,1106.0,1.46,1.46,0.4,0.0,5.0,0.2,0.4,0.6,80.2,44.11,0.6,0.6,0.6,0.6,0.6,0.61,0.8,0.0
663,Americas,Medellín,1308.0,128.04,1493.0,1.6,1.6,0.8,0.4,7.0,0.2,0.4,0.4,80.2,44.11,0.2,0.4,0.64,0.4,0.8,0.53,0.8,1.0
664,Americas,Bucaramanga,887.0,111.68,849.0,1.67,1.67,0.4,0.0,3.0,0.2,0.4,0.6,80.2,44.11,0.6,0.6,0.6,0.6,0.6,0.59,0.8,0.0
665,Americas,Salento,1324.0,156.21,799.0,1.28,1.28,0.8,0.6,1.0,0.2,0.4,0.8,80.2,44.11,0.6,0.6,1.0,0.4,0.6,0.59,0.2,1.0
666,Americas,Santa Marta,1658.0,156.21,1258.0,1.28,1.28,0.4,0.6,3.0,0.2,0.4,0.51,80.2,44.11,0.4,0.6,0.6,0.4,0.4,0.55,0.4,1.0
667,Americas,Pasto,830.0,117.16,743.0,0.72,0.72,0.4,0.4,3.0,0.2,0.4,0.4,80.2,44.11,0.6,0.4,0.6,0.4,0.6,0.51,0.6,0.0
668,Americas,Cali,1099.0,32.01,760.0,1.6,1.6,0.4,0.6,4.0,0.2,0.4,0.2,80.2,44.11,0.4,0.4,1.0,0.4,0.6,0.36,1.0,1.0
669,Asia,Bandar Seri Begawan,2795.0,105.9,1438.0,1.41,1.41,0.8,0.6,0.0,0.2,0.6,0.6,62.0,53.85,0.6,0.2,0.8,0.4,0.4,0.69,0.4,0.0
670,Europe,Luxembourg,3933.0,376.36,3435.0,7.72,7.72,0.4,0.6,17.0,0.8,1.0,0.82,24.1,14.43,0.82,0.4,0.62,0.8,0.62,0.76,0.62,0.0
671,Americas,Salvador,2198.0,203.94,1250.0,2.36,2.36,0.6,0.6,9.0,0.4,0.6,0.4,65.3,32.62,0.6,0.8,0.6,0.6,0.6,0.64,0.8,0.0
672,Americas,San Salvador,1486.0,200.0,1016.0,1.75,1.75,0.4,0.8,3.0,0.3011740115507199,0.6,0.4,72.5,51.980320634800364,0.2,0.4,0.8,0.0,0.6,0.61,0.8,0.0
673,Americas,Asuncion,1692.0,305.9,1386.0,2.8,2.8,0.0,0.4,8.0,0.4,0.6,0.6,72.6,33.63,0.6,0.2,0.0,0.4,0.6,0.66,0.0,0.0
674,Asia,Colombo,1046.0,68.7,939.0,0.84,0.84,0.6,0.6,6.0,0.2,0.4,0.8,87.7,44.96,0.8,0.4,1.0,0.0,0.8,0.66,0.24,0.0
675,Asia,Kandy,1272.0,261.07,984.0,2.03,2.03,0.6,0.6,6.0,0.2,0.4,0.6,87.7,44.96,0.6,0.4,0.8,0.4,0.8,0.63,0.6,0.0
676,Europe,Bar,738.0,87.9,889.0,1.08,1.08,0.2,0.2,5.0,0.4,0.8,0.6,55.2,32.79,0.4,0.6,1.0,0.0,0.6,0.7,0.6,0.0
677,Europe,Budva,2368.0,430.13,1594.0,3.23,3.23,0.4,0.4,5.0,0.4,0.8,0.6,55.2,32.79,0.4,0.4,0.6,0.0,0.6,0.65,0.2,0.0
678,Europe,Podgorica,1831.0,262.38,1166.0,3.23,3.23,0.4,0.6,3.0,0.4,0.8,0.6,55.2,32.79,0.6,0.6,0.6,0.0,0.6,0.65,0.4,0.0
679,Africa,Dorobo,2099.0,92.52,1419.0,6.62,6.62,0.2,0.2,10.0,0.6,0.8,0.8,35.1,28.67,0.6,0.4,0.2,0.4,0.6,0.7,0.2,0.0
680,Africa,Dakar,1620.0,106.63,1084.0,2.46,2.46,0.4,0.4,6.0,0.6,0.4,0.64,83.6,27.99,0.4,0.4,1.0,0.0,1.0,0.61,0.4,0.0
681,Asia,Palawan,1206.0,304.69,1117.0,1.78,1.78,0.2,0.2,0.0,0.2,0.4,0.4,84.7,44.66,0.6,0.4,1.0,0.4,1.0,0.56,0.6,0.0
682,Asia,Cebu,1286.0,507.82,1205.0,1.12,1.12,0.4,0.2,6.0,0.2,0.4,0.8,84.7,44.66,0.0,0.4,0.8,0.4,0.8,0.58,0.6,0.0
683,Asia,Boracay,1495.0,297.38,1882.0,1.02,1.02,0.8,0.4,0.0,0.2,0.4,0.6,84.7,44.66,0.6,0.4,0.8,0.6,0.2,0.56,0.6,0.0
684,Asia,General Santos,971.0,233.84,638.0,0.0,0.0,0.8,0.6,1.0,0.2,0.4,0.6,84.7,44.66,0.6,0.6,0.8,0.6,0.6,0.6,0.6,0.0
685,Asia,Makati,2491.0,911.64,2214.0,4.06,4.06,0.8,0.6,2.0,0.2,0.4,0.8,84.7,44.66,0.4,0.8,1.0,0.4,0.96,0.61,0.8,0.0
686,Asia,Manila,1365.0,147.27,1077.0,2.03,2.03,0.8,0.2,3.0,0.2,0.4,0.4,84.7,44.66,0.2,0.4,0.6,0.4,0.4,0.42,0.8,0.0
687,Asia,Davao,1170.0,81.25,927.0,2.03,2.03,0.6,0.6,4.0,0.2,0.4,0.8,84.7,44.66,0.6,0.4,1.0,0.4,0.8,0.6,0.6,0.0
688,Africa,Port Louis,2399.0,323.62,1528.0,4.19,4.19,0.8,0.6,5.0,0.6,0.8,0.6,43.2,27.69,0.6,0.4,0.8,0.4,0.8,0.73,0.6,0.0
689,Europe,Tirana,1555.0,158.39,956.0,1.58,1.58,0.6,0.6,9.0,0.6,0.6,0.6,61.2,29.92,0.6,0.6,0.8,0.0,0.4,0.64,0.8,0.0
690,Asia,Manama,4073.0,216.71,2302.0,2.65,2.65,0.8,0.4,6.0,0.2,0.6,0.96,63.4,54.86,0.8,0.8,1.0,0.0,0.8,0.7,0.8,0.0
691,Europe,Reykjavik,4307.0,327.92,4315.0,6.65,6.65,0.4,1.0,0.0,0.8,1.0,1.0,22.8,15.3,1.0,1.0,0.8,1.0,0.6,0.77,0.6,0.0
692,Asia,Dammam,1586.0,453.14,1718.0,4.21,4.21,0.4,0.4,6.0,0.2,0.6,0.6,72.2,59.72,0.2,0.2,0.4,0.4,0.4,0.58,0.2,0.0
693,Asia,Riyadh,3040.0,319.96,1661.0,2.0,2.0,1.0,0.4,7.0,0.2,0.6,0.4,72.2,59.72,0.2,0.2,0.6,0.4,0.4,0.57,0.6,0.0
694,Asia,Jeddah,4175.0,533.27,2445.0,4.0,4.0,0.4,0.2,10.0,0.2,0.6,0.4,72.2,59.72,0.2,0.2,0.2,0.4,0.2,0.5,0.4,0.0
695,Asia,Baku,1701.0,142.52,988.0,1.75,1.75,0.4,0.4,9.0,0.2,0.4,0.6,76.3,57.89,0.4,0.4,0.8,0.0,0.8,0.67,1.0,0.0
696,Europe,Saint Helier,6219.0,436.63,4072.0,13.72,13.72,0.8,0.8,14.0,0.8176928476717535,0.9392912949189529,0.6,42.44257440136141,17.316038382571513,0.6,1.0,0.6,0.0,0.6,0.77,0.4,0.0
697,Americas,Caye Caulker,3518.0,284.06,1974.0,3.49,3.49,0.2,0.0,0.0,0.6,0.6,0.6,66.0,20.61,0.6,0.2,0.6,0.0,0.8,0.68,0.2,0.0
698,Americas,Belize City,3162.0,243.31,1601.0,2.99,2.99,0.4,0.6,1.0,0.6,0.6,0.6,66.0,20.61,0.6,0.2,0.8,0.0,0.4,0.66,0.6,0.0
699,Americas,San Pedro,4228.0,162.41,1535.0,1.99,1.99,0.8,0.4,3.0,0.6,0.6,0.6,66.0,20.61,0.6,0.2,0.8,0.0,1.0,0.68,1.0,0.0
700,Asia,Male,1743.0,146.29,1734.0,1.8,1.8,0.2,0.2,9.0,0.4,0.6,0.4,74.0,34.17,0.4,0.2,1.0,0.0,1.0,0.63,0.2,0.0
701,Europe,Chisinau,1656.0,79.73,757.0,1.5,1.5,0.4,1.0,11.0,0.6,0.6,0.4,73.2,28.83,0.4,0.4,0.8,0.0,0.6,0.62,0.6,0.0
702,Africa,Cape Town,2677.0,139.61,2273.0,3.49,3.49,0.8,0.6,3.0,0.6,0.6,0.42,69.9,21.92,0.6,0.6,0.8,0.6,0.8,0.71,0.8,0.0
703,Africa,Pretoria,2465.0,255.48,1168.0,3.14,3.14,0.8,0.8,4.0,0.6,0.6,0.6,69.9,21.92,0.6,0.8,0.6,0.6,0.8,0.69,0.8,0.0
704,Africa,Port Elizabeth,2369.0,227.12,1185.0,2.79,2.79,0.6,0.6,2.0,0.6,0.6,0.4,69.9,21.92,0.6,0.8,0.8,0.6,0.6,0.61,0.4,0.0
705,Africa,Durban,3240.0,244.31,1645.0,4.19,4.19,0.4,0.4,3.0,0.6,0.6,0.4,69.9,21.92,0.6,0.6,0.8,0.6,0.6,0.59,0.4,0.0
706,Africa,Johannesburg,2467.0,195.45,1243.0,2.79,2.79,0.8,0.4,4.0,0.6,0.6,0.2,69.9,21.92,0.4,0.6,0.8,0.6,0.6,0.42,0.4,0.0
707,Asia,Dhaka,1703.0,190.51,1081.0,2.54,2.54,0.4,0.2,5.0,0.2,0.2,0.27,90.7,45.94,0.4,0.4,0.8,0.4,0.2,0.49,0.27,0.0
708,Asia,Chittagong,1111.0,63.5,703.0,3.56,3.56,0.4,0.6,3.0,0.2,0.2,0.6,90.7,45.94,0.6,0.4,0.6,0.4,0.6,0.45,0.4,0.0
709,Asia,Khulna,1279.0,63.5,694.0,7.62,7.62,0.4,0.6,2.0,0.2,0.2,0.6,90.7,45.94,0.6,0.4,0.6,0.4,0.8,0.48,0.4,0.0
710,Asia,Doha,4741.0,340.87,3843.0,4.12,4.12,0.8,0.8,9.0,0.4,0.8,1.0,45.1,35.97,0.2,0.2,0.8,0.0,0.8,0.7,0.56,0.0
711,Asia,Almaty,1614.0,235.9,1162.0,2.9,2.9,0.6,0.6,5.0,0.2,0.6,0.6,66.5,54.55,0.6,0.4,0.6,0.0,0.6,0.62,0.4,0.0
712,Americas,Hamilton,6345.0,813.74,5446.0,10.0,10.0,0.4,0.6,6.0,0.7983633511713711,0.9382779127652594,0.8,35.87962064600495,13.831653295883651,0.6,0.4,0.8,0.8,0.6,0.77,0.8,0.0
713,Asia,Siem Reap,1118.0,149.03,1141.0,1.99,1.99,0.8,0.4,1.0,0.2,0.4,0.6,87.4,40.7,0.4,0.6,0.8,0.0,0.6,0.56,0.4,0.0
714,Asia,Phnom Penh,1039.0,100.6,1036.0,1.99,1.99,0.8,0.4,4.0,0.2,0.4,0.4,87.4,40.7,0.4,0.6,0.8,0.0,0.6,0.51,0.4,0.0
715,Africa,Abidjan,2299.0,233.49,1125.0,2.87,2.87,0.6,0.6,1.0,0.4,0.518248783759006,0.6,62.763098346735134,30.17,0.4,0.4,0.4,0.0,0.6,0.72,0.8,0.0
716,Africa,Abuja,1782.0,4.78,1351.0,2.74,2.74,0.2,0.2,6.0,0.4,0.2,0.4,103.5,35.9,0.6,0.2,0.6,0.6,0.4,0.33,0.4,0.0
717,Africa,Ibadan,1259.0,58.36,749.0,0.96,0.96,0.4,0.2,1.0,0.4,0.2,0.4,103.5,35.9,0.6,0.4,0.6,0.0,0.4,0.29,0.4,0.0
718,Africa,Lagos,1330.0,95.68,1972.0,0.96,0.96,0.4,0.2,4.0,0.4,0.2,0.4,103.5,35.9,0.4,0.2,0.8,0.0,0.6,0.29,0.8,0.0
719,Africa,Port Harcourt,2015.0,427.85,1118.0,1.96,1.96,0.4,0.2,1.0,0.4,0.2,0.4,103.5,35.9,0.2,0.2,0.4,0.4,0.4,0.28,0.2,0.0
720,Africa,Kano,1889.0,58.36,510.0,0.96,0.96,0.2,0.2,1.0,0.4,0.2,0.4,103.5,35.9,0.4,0.4,0.6,0.0,0.4,0.28,0.2,0.0
721,Africa,Nairobi,1679.0,196.49,1211.0,1.47,1.47,0.4,0.2,8.0,0.4,0.2,0.4,98.3,31.16,0.2,0.6,1.0,0.0,0.6,0.43,1.0,0.0
722,Asia,Beirut,2096.0,165.46,1836.0,1.99,1.99,0.4,0.4,1.0,0.4,0.4,0.6,89.6,31.95,0.6,0.6,0.8,0.0,1.0,0.63,1.0,0.0
723,Americas,Santa Cruz,1778.0,117.41,903.0,1.44,1.44,0.4,0.2,3.0,0.4,0.4,0.6,78.5,31.78,0.4,0.6,1.0,0.8,1.0,0.71,1.0,0.0
724,Americas,Cochabamba,1447.0,50.5,721.0,1.08,1.08,0.8,0.4,2.0,0.4,0.4,0.8,78.5,31.78,0.4,0.6,1.0,0.8,0.6,0.63,0.6,0.0
725,Americas,La Paz,1557.0,252.5,884.0,1.08,1.08,0.4,0.4,2.0,0.4,0.4,0.2,78.5,31.78,0.4,0.4,0.8,0.8,0.6,0.42,0.6,0.0
726,Asia,Ramallah,3082.0,142.97,1280.0,3.9,3.9,0.4,0.4,4.0,0.2,0.6288938380105007,0.6,56.96745097780634,42.93,0.6,0.2,0.8,0.8,0.4,0.73,0.8,0.0
727,Asia,Lahore,1583.0,85.4,1868.0,0.95,0.95,0.4,0.4,5.0,0.2,0.2,0.6,101.7,48.52,0.2,0.4,0.6,0.8,0.6,0.37,0.4,0.0
728,Asia,Faisalabad,2577.0,28.58,678.0,4.15,4.15,0.4,0.4,2.0,0.2,0.2,0.4,101.7,48.52,0.2,0.2,0.4,0.2,0.2,0.26,0.2,0.0
729,Asia,Islamabad,1423.0,77.48,1258.0,0.95,0.95,0.4,0.2,2.0,0.2,0.2,0.4,101.7,48.52,0.2,0.2,0.4,0.8,0.4,0.26,0.2,0.0
730,Asia,Peshawar,4245.0,174.41,616.0,2.83,2.83,0.2,0.4,1.0,0.2,0.2,0.4,101.7,48.52,0.2,0.2,0.2,0.2,0.6,0.26,0.2,0.0
731,Asia,Rawalpindi,915.0,28.58,624.0,0.71,0.71,0.2,0.4,2.0,0.2,0.2,0.2,101.7,48.52,0.2,0.2,0.4,0.8,0.2,0.1,0.4,0.0
732,Asia,Gujranwala,1449.0,28.58,409.0,2.5,2.5,0.4,0.4,1.0,0.2,0.2,0.2,101.7,48.52,0.2,0.2,0.4,0.2,0.2,0.11,0.2,0.0
733,Asia,Karachi,3144.0,114.3,1106.0,2.38,2.38,0.4,0.4,3.0,0.2,0.2,0.2,101.7,48.52,0.2,0.2,0.6,0.8,0.2,0.12,0.4,0.0
734,Asia,Bahawalpur,2637.0,28.58,332.0,4.0,4.0,0.4,0.4,2.0,0.2,0.2,0.2,101.7,48.52,0.2,0.2,0.4,0.2,0.2,0.11,0.2,0.0
735,Americas,Managua,1261.0,138.94,1026.0,1.82,1.82,0.6,0.2,2.0,0.6,0.4,0.6,79.0,28.82,0.6,0.6,0.8,0.0,0.4,0.63,0.4,0.0
736,Africa,Cairo,1352.0,54.6,706.0,0.96,0.96,0.8,0.4,3.0,0.2,0.2,0.6,90.2,54.45,0.2,0.2,0.8,0.6,0.6,0.48,0.6,0.0
737,Africa,Alexandria,2188.0,32.12,615.0,0.96,0.96,0.4,0.4,0.0,0.2,0.2,0.4,90.2,54.45,0.58,0.2,0.4,0.6,0.8,0.44,0.4,0.0
738,Africa,Port Said,2374.0,65.28,319.0,0.8,0.8,0.4,0.4,0.0,0.2,0.2,0.6,90.2,54.45,0.6,0.2,0.8,0.6,0.4,0.47,0.4,0.0
739,Africa,Dahab,1270.0,78.36,502.0,0.93,0.93,0.4,0.4,0.0,0.2,0.2,0.2,90.2,54.45,0.6,0.2,0.6,0.6,0.2,0.27,0.2,0.0
740,Asia,Ulaanbaatar,1047.0,40.99,870.0,1.23,1.23,0.4,0.4,3.0,0.6,0.8,0.6,56.6,27.61,0.6,0.4,0.6,0.0,0.6,0.65,0.2,0.0
741,Americas,Antigua,2209.0,106.58,1183.0,1.33,1.33,0.4,0.6,3.0,0.4,0.4,0.4,83.2,38.03,0.4,0.2,1.0,0.6,1.0,0.57,0.6,0.0
742,Americas,Guatemala City,1913.0,121.9,1146.0,1.67,1.67,0.4,0.4,4.0,0.4,0.4,0.2,83.2,38.03,0.4,0.2,0.8,0.6,0.6,0.36,0.4,0.0
743,Asia,Yangon,947.0,120.11,1161.0,0.77,0.77,0.4,0.8,2.0,0.22140654105967378,0.2,0.6,96.3,49.89845832716723,0.8,0.4,0.8,0.0,1.0,0.52,0.4,0.0
744,Asia,Bishkek,880.0,43.66,611.0,0.54,0.54,1.0,1.0,2.0,0.4,0.6897804322020131,0.6,60.65791518007986,30.16,0.4,0.6,1.0,0.0,0.6,0.69,0.6,0.0
745,Asia,Vientiane,963.0,107.13,1012.0,1.53,1.53,0.4,0.2,1.0,0.2,0.4,0.6,84.4,71.58,0.6,0.6,1.0,0.4,0.2,0.56,0.2,0.0
746,Africa,Tunis,2233.0,349.69,1085.0,1.31,1.31,0.4,0.4,4.0,0.4,0.6,0.4,74.6,31.6,0.4,0.2,0.8,0.0,1.0,0.6,0.4,0.0
747,Asia,Duhok,2381.0,384.3,1646.0,0.0,0.0,0.4,0.4,3.0,0.3361448190063011,0.5263922188094554,0.6,60.30161156283052,39.676178747125824,0.8,0.4,0.6,0.6,0.6,0.72,0.4,0.0
748,Asia,Sulaymaniyah,3805.0,396.5,1881.0,3.61,3.61,0.4,0.4,3.0,0.4202617829024143,0.5466141485170734,0.4,61.696423598426186,38.61144257305652,0.2,0.4,0.8,0.6,0.8,0.67,0.6,0.0
749,Asia,Erbil,3706.0,183.0,2084.0,2.0,2.0,0.4,0.4,3.0,0.3626855637190144,0.593029314724618,0.4,55.010707623718126,38.164762019295544,0.2,0.2,0.8,0.6,0.4,0.61,0.4,0.0
750,Asia,Baghdad,2980.0,183.0,1453.0,2.0,2.0,0.4,0.4,3.0,0.2,0.2,0.2,104.7,54.35,0.2,0.2,0.4,0.6,0.2,0.09,0.2,0.0
751,Asia,Basra,10121.0,182.69,3749.0,0.0,0.0,0.2,0.2,2.0,0.2,0.2,0.2,104.7,54.35,0.2,0.2,0.6,0.2,0.4,0.12,0.2,0.0
752,Africa,Kinshasa,3176.0,130.89,576.0,1.61,1.61,0.4,0.2,0.0,0.2760737602296588,0.3477985885964516,0.4,82.44852253489113,55.46602288486025,0.2,0.4,0.4,0.0,0.6,0.64,0.6,0.0
753,Africa,Bamako,3542.0,492.07,1423.0,4.3,4.3,0.4,0.2,8.0,0.4,0.2,0.4,95.2,39.83,0.4,0.2,0.4,0.4,0.4,0.4,0.2,0.0
754,Asia,Kathmandu,564.0,0.83,411.0,0.93,0.93,0.4,0.4,0.0,0.4,0.2,0.42,91.2,32.62,0.6,0.6,1.0,0.0,1.0,0.52,0.4,0.0
755,Africa,Algiers,2422.0,79.21,955.0,1.62,1.62,0.4,0.4,3.0,0.2,0.4,0.25,78.3,41.69,0.2,0.2,0.4,0.4,0.6,0.6,0.4,0.0
756,Africa,Kigali,1732.0,130.0,1272.0,1.5,1.5,0.6,0.8,2.0,0.2,0.2,0.6,91.3,54.61,0.8,0.4,0.8,0.0,0.6,0.5,0.6,0.0
757,Asia,Tashkent,1867.0,207.55,1048.0,2.55,2.55,0.4,0.2,1.0,0.2,0.4,0.6,83.5,61.15,0.6,0.2,0.8,0.0,0.6,0.54,0.6,0.0
758,Africa,Maputo,1965.0,197.49,1418.0,2.43,2.43,0.4,0.4,2.0,0.4,0.4,0.6,87.8,30.25,0.4,0.4,0.8,0.6,0.6,0.53,0.4,0.0
759,Africa,Brazzaville,3520.0,0.03,1968.0,0.0,0.0,0.2,0.4,2.0,0.21153170461538084,0.41877511922541966,0.4,78.52574074808854,53.477757204886515,0.4,0.2,0.6,0.4,0.4,0.62,0.6,0.0
760,Asia,Antananarivo,1285.0,255.3,926.0,1.18,1.18,0.4,0.4,0.0,0.6,0.4,0.8,84.2,27.04,0.4,0.2,0.4,0.6,0.4,0.5,0.2,0.0
761,Africa,Dar es Salaam,1823.0,274.99,2545.0,1.49,1.49,0.2,0.4,2.0,0.6,0.4,0.4,81.8,28.65,0.4,0.2,0.6,0.0,0.4,0.5,0.4,0.0
762,Africa,Addis Ababa,1493.0,246.33,1416.0,1.12,1.12,0.4,0.4,2.0,0.2,0.2,0.4,97.2,45.13,0.4,0.2,0.6,0.0,0.6,0.42,0.4,0.0
763,Africa,Kampala,1203.0,126.98,771.0,1.13,1.13,0.8,0.0,3.0,0.4,0.2,0.4,97.7,32.58,0.4,0.4,0.6,0.0,0.6,0.4,0.4,0.0
764,Americas,Tegucigalpa,2472.0,249.16,1330.0,1.98,1.98,0.2,0.2,5.0,0.2,0.4,0.2,79.8,44.62,0.6,0.2,0.4,0.6,0.4,0.41,0.2,0.0
765,Asia,Dushanbe,1850.0,51.58,595.0,0.63,0.63,0.6,0.6,4.0,0.2,0.4,0.4,83.8,50.34,0.6,0.4,0.6,0.0,0.6,0.5,0.8,0.0
766,Asia,Isfahan,2234.0,262.33,500.0,0.0,0.0,0.2,0.2,3.0,0.2,0.4,0.4,86.9,66.52,0.2,0.2,0.4,0.2,0.2,0.45,0.2,0.0
767,Asia,Tehran,5286.0,304.25,1540.0,4.99,4.99,0.4,0.4,2.0,0.2,0.4,0.6,86.9,66.52,0.2,0.2,0.8,0.4,0.8,0.55,0.2,0.0
768,Africa,Harare,2844.0,100.0,1624.0,5.0,5.0,0.2,0.2,2.0,0.2,0.2,0.4,100.5,40.41,0.2,0.2,0.6,0.0,0.6,0.31,0.4,0.0
769,Africa,Conakry,1789.0,0.01,797.0,2.87,2.87,0.4,0.0,1.0,0.4,0.2,0.4,103.8,33.08,0.6,0.2,0.6,0.6,0.4,0.32,0.2,0.0
770,Africa,Yaounde,2103.0,453.36,1366.0,1.28,1.28,0.4,0.4,3.0,0.2,0.2,0.4,97.8,40.53,0.2,0.2,0.4,0.2,0.2,0.35,0.4,0.0
771,Africa,Luanda,4732.0,139.71,4020.0,6.58,6.58,1.0,0.6,5.0,0.4,0.2,0.2,90.5,39.89,0.4,0.6,1.0,0.0,0.8,0.28,0.6,0.0
772,Africa,Huambo,4119.0,204.1,4104.0,0.84,0.84,0.2,0.4,1.0,0.4,0.2,0.4,90.5,39.89,0.6,0.2,0.6,0.4,0.4,0.39,0.6,0.0
773,Africa,Khartoum,780.0,125.24,1032.0,1.54,1.54,0.4,1.0,1.0,0.2,0.2,0.4,111.5,72.53,0.4,0.2,0.8,0.0,0.4,0.22,0.4,0.0
774,Americas,Caracas,2507.0,200.0,1356.0,2.5,2.5,0.2,0.4,3.0,0.2,0.4,0.2,81.6,44.77,0.4,0.4,0.6,0.6,0.4,0.31,0.6,0.0
775,Oceania,Port Moresby,3461.0,243.51,2463.0,3.0,3.0,0.2,0.2,2.0,0.6,0.4,0.2,86.2,25.81,0.2,0.2,0.4,0.0,0.4,0.31,0.2,0.0
776,Africa,Freetown,2833.0,288.58,2013.0,2.04,2.04,0.4,0.2,0.0,0.6,0.2,0.2,91.0,29.94,0.2,0.2,0.4,0.4,0.2,0.22,0.2,0.0
777,Africa,Tripoli,2525.0,201.55,1148.0,2.48,2.48,0.4,0.4,3.0,0.2,0.2,0.2,96.4,57.89,0.2,0.2,0.8,0.0,0.4,0.22,0.2,0.0
778,Asia,Damascus,1162.0,215.73,1079.0,2.65,2.65,0.4,0.2,2.0,0.2,0.2,0.2,110.8,81.35,0.2,0.2,0.2,0.0,0.2,0.01,0.2,0.0
779,Asia,Pyongyang,5009.0,360.0,1441.0,5.0,5.0,0.2,0.2,1.0,0.2,0.2,0.2,93.9,83.76,0.2,0.2,0.2,0.0,0.2,0.14,0.4,0.0
